Frequency of observation,REF_AREA,Reference area,MEASURE,Measure,UNIT_MEASURE,Unit of measure,Institutional sector,Edition,Category,TIME_PERIOD,OBS_VALUE,Observation status
Annual,AUS,Australia,GGD,Government gross debt,PT_B1GQ,Percentage of GDP,General government,Yearly updates,Public finance,2009,21.072,Normal value
Annual,AUS,Australia,GGD,Government gross debt,PT_B1GQ,Percentage of GDP,General government,Yearly updates,Public finance,2010,23.625,Normal value
Annual,AUS,Australia,GGD,Government gross debt,PT_B1GQ,Percentage of GDP,General government,Yearly updates,Public finance,2011,28.414,Normal value
Annual,AUS,Australia,GGD,Government gross debt,PT_B1GQ,Percentage of GDP,General government,Yearly updates,Public finance,2012,32.744,Normal value
Annual,AUS,Australia,GGD,Government gross debt,PT_B1GQ,Percentage of GDP,General government,Yearly updates,Public finance,2013,34.077,Normal value
Annual,AUS,Australia,GGD,Government gross debt,PT_B1GQ,Percentage of GDP,General government,Yearly updates,Public finance,2014,38.218,Normal value
Annual,AUS,Australia,GGD,Government gross debt,PT_B1GQ,Percentage of GDP,General government,Yearly updates,Public finance,2015,40.001,Normal value
Annual,AUS,Australia,GGD,Government gross debt,PT_B1GQ,Percentage of GDP,General government,Yearly updates,Public finance,2017,43.183,Normal value
Annual,AUS,Australia,GGD,Government gross debt,PT_B1GQ,Percentage of GDP,General government,Yearly updates,Public finance,2018,43.157,Normal value
Annual,AUS,Australia,GGD,Government gross debt,PT_B1GQ,Percentage of GDP,General government,Yearly updates,Public finance,2019,46.806,Normal value
Annual,AUS,Australia,GGD,Government gross debt,PT_B1GQ,Percentage of GDP,General government,Yearly updates,Public finance,2020,62.376,Normal value
Annual,AUS,Australia,GGD,Government gross debt,PT_B1GQ,Percentage of GDP,General government,Yearly updates,Public finance,2021,59.264,Normal value
Annual,AUS,Australia,GGD,Government gross debt,PT_B1GQ,Percentage of GDP,General government,Yearly updates,Public finance,2022,53.119,Normal value
Annual,AUS,Australia,GGD,Government gross debt,PT_B1GQ,Percentage of GDP,General government,Yearly updates,Public finance,2023,54.575,Normal value
Annual,AUS,Australia,GGD,Government gross debt,PT_B1GQ,Percentage of GDP,General government,Yearly updates,Public finance,2024,55.758,Normal value
Annual,AUS,Australia,GGD,Government gross debt,PT_B1GQ,Percentage of GDP,General government,Yearly updates,Public finance,2007,12.793,Normal value
Annual,AUS,Australia,GGD,Government gross debt,PT_B1GQ,Percentage of GDP,General government,Yearly updates,Public finance,2008,15.519,Normal value
Annual,AUS,Australia,GGD,Government gross debt,PT_B1GQ,Percentage of GDP,General government,Yearly updates,Public finance,2016,41.581,Normal value
Annual,AUT,Austria,GGD,Government gross debt,PT_B1GQ,Percentage of GDP,General government,Yearly updates,Public finance,2010,92.261,Normal value
Annual,AUT,Austria,GGD,Government gross debt,PT_B1GQ,Percentage of GDP,General government,Yearly updates,Public finance,2011,93.257,Normal value
Annual,AUT,Austria,GGD,Government gross debt,PT_B1GQ,Percentage of GDP,General government,Yearly updates,Public finance,2012,100.813,Normal value
Annual,AUT,Austria,GGD,Government gross debt,PT_B1GQ,Percentage of GDP,General government,Yearly updates,Public finance,2013,98.05,Normal value
Annual,AUT,Austria,GGD,Government gross debt,PT_B1GQ,Percentage of GDP,General government,Yearly updates,Public finance,2014,105.613,Normal value
Annual,AUT,Austria,GGD,Government gross debt,PT_B1GQ,Percentage of GDP,General government,Yearly updates,Public finance,2015,103.842,Normal value
Annual,AUT,Austria,GGD,Government gross debt,PT_B1GQ,Percentage of GDP,General government,Yearly updates,Public finance,2017,97.494,Normal value
Annual,AUT,Austria,GGD,Government gross debt,PT_B1GQ,Percentage of GDP,General government,Yearly updates,Public finance,2018,92.153,Normal value
Annual,AUT,Austria,GGD,Government gross debt,PT_B1GQ,Percentage of GDP,General government,Yearly updates,Public finance,2019,90.442,Normal value
Annual,AUT,Austria,GGD,Government gross debt,PT_B1GQ,Percentage of GDP,General government,Yearly updates,Public finance,2020,107.945,Normal value
Annual,AUT,Austria,GGD,Government gross debt,PT_B1GQ,Percentage of GDP,General government,Yearly updates,Public finance,2021,101.631,Normal value
Annual,AUT,Austria,GGD,Government gross debt,PT_B1GQ,Percentage of GDP,General government,Yearly updates,Public finance,2022,80.508,Normal value
Annual,AUT,Austria,GGD,Government gross debt,PT_B1GQ,Percentage of GDP,General government,Yearly updates,Public finance,2023,82.478,Normal value
Annual,AUT,Austria,GGD,Government gross debt,PT_B1GQ,Percentage of GDP,General government,Yearly updates,Public finance,2024,85.392,Normal value
Annual,AUT,Austria,GGD,Government gross debt,PT_B1GQ,Percentage of GDP,General government,Yearly updates,Public finance,2007,70.344,Normal value
Annual,AUT,Austria,GGD,Government gross debt,PT_B1GQ,Percentage of GDP,General government,Yearly updates,Public finance,2008,75.631,Normal value
Annual,AUT,Austria,GGD,Government gross debt,PT_B1GQ,Percentage of GDP,General government,Yearly updates,Public finance,2009,87.914,Normal value
Annual,AUT,Austria,GGD,Government gross debt,PT_B1GQ,Percentage of GDP,General government,Yearly updates,Public finance,2016,103.555,Normal value
Annual,BEL,Belgium,GGD,Government gross debt,PT_B1GQ,Percentage of GDP,General government,Yearly updates,Public finance,2017,122.94,Normal value
Annual,BEL,Belgium,GGD,Government gross debt,PT_B1GQ,Percentage of GDP,General government,Yearly updates,Public finance,2018,119.852,Normal value
Annual,BEL,Belgium,GGD,Government gross debt,PT_B1GQ,Percentage of GDP,General government,Yearly updates,Public finance,2019,121.383,Normal value
Annual,BEL,Belgium,GGD,Government gross debt,PT_B1GQ,Percentage of GDP,General government,Yearly updates,Public finance,2020,138.269,Normal value
Annual,BEL,Belgium,GGD,Government gross debt,PT_B1GQ,Percentage of GDP,General government,Yearly updates,Public finance,2021,129.059,Normal value
Annual,BEL,Belgium,GGD,Government gross debt,PT_B1GQ,Percentage of GDP,General government,Yearly updates,Public finance,2022,102.184,Normal value
Annual,BEL,Belgium,GGD,Government gross debt,PT_B1GQ,Percentage of GDP,General government,Yearly updates,Public finance,2023,104.786,Normal value
Annual,BEL,Belgium,GGD,Government gross debt,PT_B1GQ,Percentage of GDP,General government,Yearly updates,Public finance,2024,103.954,Normal value
Annual,BEL,Belgium,GGD,Government gross debt,PT_B1GQ,Percentage of GDP,General government,Yearly updates,Public finance,2007,95.003,Normal value
Annual,BEL,Belgium,GGD,Government gross debt,PT_B1GQ,Percentage of GDP,General government,Yearly updates,Public finance,2008,102.808,Normal value
Annual,BEL,Belgium,GGD,Government gross debt,PT_B1GQ,Percentage of GDP,General government,Yearly updates,Public finance,2009,110.868,Normal value
Annual,BEL,Belgium,GGD,Government gross debt,PT_B1GQ,Percentage of GDP,General government,Yearly updates,Public finance,2010,109.293,Normal value
Annual,BEL,Belgium,GGD,Government gross debt,PT_B1GQ,Percentage of GDP,General government,Yearly updates,Public finance,2011,111.598,Normal value
Annual,BEL,Belgium,GGD,Government gross debt,PT_B1GQ,Percentage of GDP,General government,Yearly updates,Public finance,2012,121.212,Normal value
Annual,BEL,Belgium,GGD,Government gross debt,PT_B1GQ,Percentage of GDP,General government,Yearly updates,Public finance,2013,118.778,Normal value
Annual,BEL,Belgium,GGD,Government gross debt,PT_B1GQ,Percentage of GDP,General government,Yearly updates,Public finance,2014,130.747,Normal value
Annual,BEL,Belgium,GGD,Government gross debt,PT_B1GQ,Percentage of GDP,General government,Yearly updates,Public finance,2015,127.419,Normal value
Annual,BEL,Belgium,GGD,Government gross debt,PT_B1GQ,Percentage of GDP,General government,Yearly updates,Public finance,2016,128.992,Normal value
Annual,CAN,Canada,GGD,Government gross debt,PT_B1GQ,Percentage of GDP,General government,Yearly updates,Public finance,2009,86.592,Normal value
Annual,CAN,Canada,GGD,Government gross debt,PT_B1GQ,Percentage of GDP,General government,Yearly updates,Public finance,2010,89.554,Normal value
Annual,CAN,Canada,GGD,Government gross debt,PT_B1GQ,Percentage of GDP,General government,Yearly updates,Public finance,2011,92.573,Normal value
Annual,CAN,Canada,GGD,Government gross debt,PT_B1GQ,Percentage of GDP,General government,Yearly updates,Public finance,2012,95.197,Normal value
Annual,CAN,Canada,GGD,Government gross debt,PT_B1GQ,Percentage of GDP,General government,Yearly updates,Public finance,2013,92.194,Normal value
Annual,CAN,Canada,GGD,Government gross debt,PT_B1GQ,Percentage of GDP,General government,Yearly updates,Public finance,2014,93.158,Normal value
Annual,CAN,Canada,GGD,Government gross debt,PT_B1GQ,Percentage of GDP,General government,Yearly updates,Public finance,2015,99.652,Normal value
Annual,CAN,Canada,GGD,Government gross debt,PT_B1GQ,Percentage of GDP,General government,Yearly updates,Public finance,2017,96.142,Normal value
Annual,CAN,Canada,GGD,Government gross debt,PT_B1GQ,Percentage of GDP,General government,Yearly updates,Public finance,2018,95.242,Normal value
Annual,CAN,Canada,GGD,Government gross debt,PT_B1GQ,Percentage of GDP,General government,Yearly updates,Public finance,2019,96.69,Normal value
Annual,CAN,Canada,GGD,Government gross debt,PT_B1GQ,Percentage of GDP,General government,Yearly updates,Public finance,2020,128.579,Normal value
Annual,CAN,Canada,GGD,Government gross debt,PT_B1GQ,Percentage of GDP,General government,Yearly updates,Public finance,2021,117.811,Normal value
Annual,CAN,Canada,GGD,Government gross debt,PT_B1GQ,Percentage of GDP,General government,Yearly updates,Public finance,2022,98.796,Normal value
Annual,CAN,Canada,GGD,Government gross debt,PT_B1GQ,Percentage of GDP,General government,Yearly updates,Public finance,2023,104.022,Normal value
Annual,CAN,Canada,GGD,Government gross debt,PT_B1GQ,Percentage of GDP,General government,Yearly updates,Public finance,2024,107.301,Normal value
Annual,CAN,Canada,GGD,Government gross debt,PT_B1GQ,Percentage of GDP,General government,Yearly updates,Public finance,2007,71.325,Normal value
Annual,CAN,Canada,GGD,Government gross debt,PT_B1GQ,Percentage of GDP,General government,Yearly updates,Public finance,2008,74.235,Normal value
Annual,CAN,Canada,GGD,Government gross debt,PT_B1GQ,Percentage of GDP,General government,Yearly updates,Public finance,2016,99.449,Normal value
Annual,CHE,Switzerland,GGD,Government gross debt,PT_B1GQ,Percentage of GDP,General government,Yearly updates,Public finance,2017,42.457,Normal value
Annual,CHE,Switzerland,GGD,Government gross debt,PT_B1GQ,Percentage of GDP,General government,Yearly updates,Public finance,2018,40.282,Normal value
Annual,CHE,Switzerland,GGD,Government gross debt,PT_B1GQ,Percentage of GDP,General government,Yearly updates,Public finance,2019,40.068,Normal value
Annual,CHE,Switzerland,GGD,Government gross debt,PT_B1GQ,Percentage of GDP,General government,Yearly updates,Public finance,2020,43.794,Normal value
Annual,CHE,Switzerland,GGD,Government gross debt,PT_B1GQ,Percentage of GDP,General government,Yearly updates,Public finance,2021,41.273,Normal value
Annual,CHE,Switzerland,GGD,Government gross debt,PT_B1GQ,Percentage of GDP,General government,Yearly updates,Public finance,2022,37.307,Normal value
Annual,CHE,Switzerland,GGD,Government gross debt,PT_B1GQ,Percentage of GDP,General government,Yearly updates,Public finance,2023,39.22,Normal value
Annual,CHE,Switzerland,GGD,Government gross debt,PT_B1GQ,Percentage of GDP,General government,Yearly updates,Public finance,2024,39.771,Normal value
Annual,CHE,Switzerland,GGD,Government gross debt,PT_B1GQ,Percentage of GDP,General government,Yearly updates,Public finance,2007,45.939,Normal value
Annual,CHE,Switzerland,GGD,Government gross debt,PT_B1GQ,Percentage of GDP,General government,Yearly updates,Public finance,2008,45.815,Normal value
Annual,CHE,Switzerland,GGD,Government gross debt,PT_B1GQ,Percentage of GDP,General government,Yearly updates,Public finance,2009,44.334,Normal value
Annual,CHE,Switzerland,GGD,Government gross debt,PT_B1GQ,Percentage of GDP,General government,Yearly updates,Public finance,2010,42.957,Normal value
Annual,CHE,Switzerland,GGD,Government gross debt,PT_B1GQ,Percentage of GDP,General government,Yearly updates,Public finance,2011,43.226,Normal value
Annual,CHE,Switzerland,GGD,Government gross debt,PT_B1GQ,Percentage of GDP,General government,Yearly updates,Public finance,2012,43.732,Normal value
Annual,CHE,Switzerland,GGD,Government gross debt,PT_B1GQ,Percentage of GDP,General government,Yearly updates,Public finance,2013,42.992,Normal value
Annual,CHE,Switzerland,GGD,Government gross debt,PT_B1GQ,Percentage of GDP,General government,Yearly updates,Public finance,2014,42.926,Normal value
Annual,CHE,Switzerland,GGD,Government gross debt,PT_B1GQ,Percentage of GDP,General government,Yearly updates,Public finance,2015,42.867,Normal value
Annual,CHE,Switzerland,GGD,Government gross debt,PT_B1GQ,Percentage of GDP,General government,Yearly updates,Public finance,2016,41.648,Normal value
Annual,CHL,Chile,GGD,Government gross debt,PT_B1GQ,Percentage of GDP,General government,Yearly updates,Public finance,2017,29.364,Normal value
Annual,CHL,Chile,GGD,Government gross debt,PT_B1GQ,Percentage of GDP,General government,Yearly updates,Public finance,2018,32.205,Normal value
Annual,CHL,Chile,GGD,Government gross debt,PT_B1GQ,Percentage of GDP,General government,Yearly updates,Public finance,2019,38.768,Normal value
Annual,CHL,Chile,GGD,Government gross debt,PT_B1GQ,Percentage of GDP,General government,Yearly updates,Public finance,2020,44.23,Normal value
Annual,CHL,Chile,GGD,Government gross debt,PT_B1GQ,Percentage of GDP,General government,Yearly updates,Public finance,2021,42.267,Normal value
Annual,CHL,Chile,GGD,Government gross debt,PT_B1GQ,Percentage of GDP,General government,Yearly updates,Public finance,2022,41.235,Normal value
Annual,CHL,Chile,GGD,Government gross debt,PT_B1GQ,Percentage of GDP,General government,Yearly updates,Public finance,2023,43.15,Normal value
Annual,CHL,Chile,GGD,Government gross debt,PT_B1GQ,Percentage of GDP,General government,Yearly updates,Public finance,2024,45.832,Normal value
Annual,CHL,Chile,GGD,Government gross debt,PT_B1GQ,Percentage of GDP,General government,Yearly updates,Public finance,2007,11.376,Normal value
Annual,CHL,Chile,GGD,Government gross debt,PT_B1GQ,Percentage of GDP,General government,Yearly updates,Public finance,2008,12.516,Normal value
Annual,CHL,Chile,GGD,Government gross debt,PT_B1GQ,Percentage of GDP,General government,Yearly updates,Public finance,2009,13.449,Normal value
Annual,CHL,Chile,GGD,Government gross debt,PT_B1GQ,Percentage of GDP,General government,Yearly updates,Public finance,2010,15.403,Normal value
Annual,CHL,Chile,GGD,Government gross debt,PT_B1GQ,Percentage of GDP,General government,Yearly updates,Public finance,2011,17.994,Normal value
Annual,CHL,Chile,GGD,Government gross debt,PT_B1GQ,Percentage of GDP,General government,Yearly updates,Public finance,2012,18.453,Normal value
Annual,CHL,Chile,GGD,Government gross debt,PT_B1GQ,Percentage of GDP,General government,Yearly updates,Public finance,2013,19.032,Normal value
Annual,CHL,Chile,GGD,Government gross debt,PT_B1GQ,Percentage of GDP,General government,Yearly updates,Public finance,2014,22.375,Normal value
Annual,CHL,Chile,GGD,Government gross debt,PT_B1GQ,Percentage of GDP,General government,Yearly updates,Public finance,2015,24.293,Normal value
Annual,CHL,Chile,GGD,Government gross debt,PT_B1GQ,Percentage of GDP,General government,Yearly updates,Public finance,2016,28.39,Normal value
Annual,COL,Colombia,GGD,Government gross debt,PT_B1GQ,Percentage of GDP,General government,Yearly updates,Public finance,2015,49.574,Normal value
Annual,COL,Colombia,GGD,Government gross debt,PT_B1GQ,Percentage of GDP,General government,Yearly updates,Public finance,2016,53.644,Normal value
Annual,COL,Colombia,GGD,Government gross debt,PT_B1GQ,Percentage of GDP,General government,Yearly updates,Public finance,2017,56.11,Normal value
Annual,COL,Colombia,GGD,Government gross debt,PT_B1GQ,Percentage of GDP,General government,Yearly updates,Public finance,2018,60.175,Normal value
Annual,COL,Colombia,GGD,Government gross debt,PT_B1GQ,Percentage of GDP,General government,Yearly updates,Public finance,2019,63.109,Normal value
Annual,CZE,Czechia,GGD,Government gross debt,PT_B1GQ,Percentage of GDP,General government,Yearly updates,Public finance,2017,43.217,Normal value
Annual,CZE,Czechia,GGD,Government gross debt,PT_B1GQ,Percentage of GDP,General government,Yearly updates,Public finance,2018,39.717,Normal value
Annual,CZE,Czechia,GGD,Government gross debt,PT_B1GQ,Percentage of GDP,General government,Yearly updates,Public finance,2019,37.236,Normal value
Annual,CZE,Czechia,GGD,Government gross debt,PT_B1GQ,Percentage of GDP,General government,Yearly updates,Public finance,2020,46.039,Normal value
Annual,CZE,Czechia,GGD,Government gross debt,PT_B1GQ,Percentage of GDP,General government,Yearly updates,Public finance,2021,46.722,Normal value
Annual,CZE,Czechia,GGD,Government gross debt,PT_B1GQ,Percentage of GDP,General government,Yearly updates,Public finance,2022,45.886,Normal value
Annual,CZE,Czechia,GGD,Government gross debt,PT_B1GQ,Percentage of GDP,General government,Yearly updates,Public finance,2023,48.673,Normal value
Annual,CZE,Czechia,GGD,Government gross debt,PT_B1GQ,Percentage of GDP,General government,Yearly updates,Public finance,2024,49.411,Normal value
Annual,CZE,Czechia,GGD,Government gross debt,PT_B1GQ,Percentage of GDP,General government,Yearly updates,Public finance,2007,30.775,Normal value
Annual,CZE,Czechia,GGD,Government gross debt,PT_B1GQ,Percentage of GDP,General government,Yearly updates,Public finance,2008,33.221,Normal value
Annual,CZE,Czechia,GGD,Government gross debt,PT_B1GQ,Percentage of GDP,General government,Yearly updates,Public finance,2009,39.998,Normal value
Annual,CZE,Czechia,GGD,Government gross debt,PT_B1GQ,Percentage of GDP,General government,Yearly updates,Public finance,2010,43.897,Normal value
Annual,CZE,Czechia,GGD,Government gross debt,PT_B1GQ,Percentage of GDP,General government,Yearly updates,Public finance,2011,46.908,Normal value
Annual,CZE,Czechia,GGD,Government gross debt,PT_B1GQ,Percentage of GDP,General government,Yearly updates,Public finance,2012,56.177,Normal value
Annual,CZE,Czechia,GGD,Government gross debt,PT_B1GQ,Percentage of GDP,General government,Yearly updates,Public finance,2013,55.984,Normal value
Annual,CZE,Czechia,GGD,Government gross debt,PT_B1GQ,Percentage of GDP,General government,Yearly updates,Public finance,2014,54.819,Normal value
Annual,CZE,Czechia,GGD,Government gross debt,PT_B1GQ,Percentage of GDP,General government,Yearly updates,Public finance,2015,51.955,Normal value
Annual,CZE,Czechia,GGD,Government gross debt,PT_B1GQ,Percentage of GDP,General government,Yearly updates,Public finance,2016,47.529,Normal value
Annual,DEU,Germany,GGD,Government gross debt,PT_B1GQ,Percentage of GDP,General government,Yearly updates,Public finance,2017,71.937,Normal value
Annual,DEU,Germany,GGD,Government gross debt,PT_B1GQ,Percentage of GDP,General government,Yearly updates,Public finance,2018,68.872,Normal value
Annual,DEU,Germany,GGD,Government gross debt,PT_B1GQ,Percentage of GDP,General government,Yearly updates,Public finance,2019,67.721,Normal value
Annual,DEU,Germany,GGD,Government gross debt,PT_B1GQ,Percentage of GDP,General government,Yearly updates,Public finance,2020,80.797,Normal value
Annual,DEU,Germany,GGD,Government gross debt,PT_B1GQ,Percentage of GDP,General government,Yearly updates,Public finance,2021,78.521,Normal value
Annual,DEU,Germany,GGD,Government gross debt,PT_B1GQ,Percentage of GDP,General government,Yearly updates,Public finance,2022,64.601,Normal value
Annual,DEU,Germany,GGD,Government gross debt,PT_B1GQ,Percentage of GDP,General government,Yearly updates,Public finance,2023,63.787,Normal value
Annual,DEU,Germany,GGD,Government gross debt,PT_B1GQ,Percentage of GDP,General government,Yearly updates,Public finance,2024,63.288,Normal value
Annual,DEU,Germany,GGD,Government gross debt,PT_B1GQ,Percentage of GDP,General government,Yearly updates,Public finance,2007,66.353,Normal value
Annual,DEU,Germany,GGD,Government gross debt,PT_B1GQ,Percentage of GDP,General government,Yearly updates,Public finance,2008,70.811,Normal value
Annual,DEU,Germany,GGD,Government gross debt,PT_B1GQ,Percentage of GDP,General government,Yearly updates,Public finance,2009,77.402,Normal value
Annual,DEU,Germany,GGD,Government gross debt,PT_B1GQ,Percentage of GDP,General government,Yearly updates,Public finance,2010,86.533,Normal value
Annual,DEU,Germany,GGD,Government gross debt,PT_B1GQ,Percentage of GDP,General government,Yearly updates,Public finance,2011,85.475,Normal value
Annual,DEU,Germany,GGD,Government gross debt,PT_B1GQ,Percentage of GDP,General government,Yearly updates,Public finance,2012,88.149,Normal value
Annual,DEU,Germany,GGD,Government gross debt,PT_B1GQ,Percentage of GDP,General government,Yearly updates,Public finance,2013,83.488,Normal value
Annual,DEU,Germany,GGD,Government gross debt,PT_B1GQ,Percentage of GDP,General government,Yearly updates,Public finance,2014,83.413,Normal value
Annual,DEU,Germany,GGD,Government gross debt,PT_B1GQ,Percentage of GDP,General government,Yearly updates,Public finance,2015,79.238,Normal value
Annual,DEU,Germany,GGD,Government gross debt,PT_B1GQ,Percentage of GDP,General government,Yearly updates,Public finance,2016,76.501,Normal value
Annual,DNK,Denmark,GGD,Government gross debt,PT_B1GQ,Percentage of GDP,General government,Yearly updates,Public finance,2017,54.18,Normal value
Annual,DNK,Denmark,GGD,Government gross debt,PT_B1GQ,Percentage of GDP,General government,Yearly updates,Public finance,2018,52.71,Normal value
Annual,DNK,Denmark,GGD,Government gross debt,PT_B1GQ,Percentage of GDP,General government,Yearly updates,Public finance,2019,54.313,Normal value
Annual,DNK,Denmark,GGD,Government gross debt,PT_B1GQ,Percentage of GDP,General government,Yearly updates,Public finance,2020,63.816,Normal value
Annual,DNK,Denmark,GGD,Government gross debt,PT_B1GQ,Percentage of GDP,General government,Yearly updates,Public finance,2021,54.179,Normal value
Annual,DNK,Denmark,GGD,Government gross debt,PT_B1GQ,Percentage of GDP,General government,Yearly updates,Public finance,2022,38.984,Normal value
Annual,DNK,Denmark,GGD,Government gross debt,PT_B1GQ,Percentage of GDP,General government,Yearly updates,Public finance,2023,39.017,Normal value
Annual,DNK,Denmark,GGD,Government gross debt,PT_B1GQ,Percentage of GDP,General government,Yearly updates,Public finance,2024,36.071,Normal value
Annual,DNK,Denmark,GGD,Government gross debt,PT_B1GQ,Percentage of GDP,General government,Yearly updates,Public finance,2007,36.665,Normal value
Annual,DNK,Denmark,GGD,Government gross debt,PT_B1GQ,Percentage of GDP,General government,Yearly updates,Public finance,2008,43.996,Normal value
Annual,DNK,Denmark,GGD,Government gross debt,PT_B1GQ,Percentage of GDP,General government,Yearly updates,Public finance,2009,53.928,Normal value
Annual,DNK,Denmark,GGD,Government gross debt,PT_B1GQ,Percentage of GDP,General government,Yearly updates,Public finance,2010,58.425,Normal value
Annual,DNK,Denmark,GGD,Government gross debt,PT_B1GQ,Percentage of GDP,General government,Yearly updates,Public finance,2011,65.585,Normal value
Annual,DNK,Denmark,GGD,Government gross debt,PT_B1GQ,Percentage of GDP,General government,Yearly updates,Public finance,2012,65.329,Normal value
Annual,DNK,Denmark,GGD,Government gross debt,PT_B1GQ,Percentage of GDP,General government,Yearly updates,Public finance,2013,60.518,Normal value
Annual,DNK,Denmark,GGD,Government gross debt,PT_B1GQ,Percentage of GDP,General government,Yearly updates,Public finance,2014,63.804,Normal value
Annual,DNK,Denmark,GGD,Government gross debt,PT_B1GQ,Percentage of GDP,General government,Yearly updates,Public finance,2015,58.03,Normal value
Annual,DNK,Denmark,GGD,Government gross debt,PT_B1GQ,Percentage of GDP,General government,Yearly updates,Public finance,2016,57.066,Normal value
Annual,ESP,Spain,GGD,Government gross debt,PT_B1GQ,Percentage of GDP,General government,Yearly updates,Public finance,2017,118.283,Normal value
Annual,ESP,Spain,GGD,Government gross debt,PT_B1GQ,Percentage of GDP,General government,Yearly updates,Public finance,2018,116.649,Normal value
Annual,ESP,Spain,GGD,Government gross debt,PT_B1GQ,Percentage of GDP,General government,Yearly updates,Public finance,2019,119.628,Normal value
Annual,ESP,Spain,GGD,Government gross debt,PT_B1GQ,Percentage of GDP,General government,Yearly updates,Public finance,2020,146.591,Normal value
Annual,ESP,Spain,GGD,Government gross debt,PT_B1GQ,Percentage of GDP,General government,Yearly updates,Public finance,2021,139.262,Normal value
Annual,ESP,Spain,GGD,Government gross debt,PT_B1GQ,Percentage of GDP,General government,Yearly updates,Public finance,2022,113.658,Normal value
Annual,ESP,Spain,GGD,Government gross debt,PT_B1GQ,Percentage of GDP,General government,Yearly updates,Public finance,2023,110.961,Normal value
Annual,ESP,Spain,GGD,Government gross debt,PT_B1GQ,Percentage of GDP,General government,Yearly updates,Public finance,2024,108.48,Normal value
Annual,ESP,Spain,GGD,Government gross debt,PT_B1GQ,Percentage of GDP,General government,Yearly updates,Public finance,2007,42.274,Normal value
Annual,ESP,Spain,GGD,Government gross debt,PT_B1GQ,Percentage of GDP,General government,Yearly updates,Public finance,2008,47.561,Normal value
Annual,ESP,Spain,GGD,Government gross debt,PT_B1GQ,Percentage of GDP,General government,Yearly updates,Public finance,2009,62.442,Normal value
Annual,ESP,Spain,GGD,Government gross debt,PT_B1GQ,Percentage of GDP,General government,Yearly updates,Public finance,2010,67.099,Normal value
Annual,ESP,Spain,GGD,Government gross debt,PT_B1GQ,Percentage of GDP,General government,Yearly updates,Public finance,2011,77.978,Normal value
Annual,ESP,Spain,GGD,Government gross debt,PT_B1GQ,Percentage of GDP,General government,Yearly updates,Public finance,2012,96.7,Normal value
Annual,ESP,Spain,GGD,Government gross debt,PT_B1GQ,Percentage of GDP,General government,Yearly updates,Public finance,2013,110.721,Normal value
Annual,ESP,Spain,GGD,Government gross debt,PT_B1GQ,Percentage of GDP,General government,Yearly updates,Public finance,2014,123.066,Normal value
Annual,ESP,Spain,GGD,Government gross debt,PT_B1GQ,Percentage of GDP,General government,Yearly updates,Public finance,2015,120.046,Normal value
Annual,ESP,Spain,GGD,Government gross debt,PT_B1GQ,Percentage of GDP,General government,Yearly updates,Public finance,2016,119.926,Normal value
Annual,EST,Estonia,GGD,Government gross debt,PT_B1GQ,Percentage of GDP,General government,Yearly updates,Public finance,2009,13.431,Normal value
Annual,EST,Estonia,GGD,Government gross debt,PT_B1GQ,Percentage of GDP,General government,Yearly updates,Public finance,2010,13.181,Normal value
Annual,EST,Estonia,GGD,Government gross debt,PT_B1GQ,Percentage of GDP,General government,Yearly updates,Public finance,2011,10.864,Normal value
Annual,EST,Estonia,GGD,Government gross debt,PT_B1GQ,Percentage of GDP,General government,Yearly updates,Public finance,2012,14.369,Normal value
Annual,EST,Estonia,GGD,Government gross debt,PT_B1GQ,Percentage of GDP,General government,Yearly updates,Public finance,2013,14.733,Normal value
Annual,EST,Estonia,GGD,Government gross debt,PT_B1GQ,Percentage of GDP,General government,Yearly updates,Public finance,2014,14.689,Normal value
Annual,EST,Estonia,GGD,Government gross debt,PT_B1GQ,Percentage of GDP,General government,Yearly updates,Public finance,2015,13.38,Normal value
Annual,EST,Estonia,GGD,Government gross debt,PT_B1GQ,Percentage of GDP,General government,Yearly updates,Public finance,2017,13.261,Normal value
Annual,EST,Estonia,GGD,Government gross debt,PT_B1GQ,Percentage of GDP,General government,Yearly updates,Public finance,2018,13.034,Normal value
Annual,EST,Estonia,GGD,Government gross debt,PT_B1GQ,Percentage of GDP,General government,Yearly updates,Public finance,2019,13.808,Normal value
Annual,EST,Estonia,GGD,Government gross debt,PT_B1GQ,Percentage of GDP,General government,Yearly updates,Public finance,2020,25.978,Normal value
Annual,EST,Estonia,GGD,Government gross debt,PT_B1GQ,Percentage of GDP,General government,Yearly updates,Public finance,2021,25.828,Normal value
Annual,EST,Estonia,GGD,Government gross debt,PT_B1GQ,Percentage of GDP,General government,Yearly updates,Public finance,2022,26.872,Normal value
Annual,EST,Estonia,GGD,Government gross debt,PT_B1GQ,Percentage of GDP,General government,Yearly updates,Public finance,2023,29.542,Normal value
Annual,EST,Estonia,GGD,Government gross debt,PT_B1GQ,Percentage of GDP,General government,Yearly updates,Public finance,2024,33.349,Normal value
Annual,EST,Estonia,GGD,Government gross debt,PT_B1GQ,Percentage of GDP,General government,Yearly updates,Public finance,2007,7.302,Normal value
Annual,EST,Estonia,GGD,Government gross debt,PT_B1GQ,Percentage of GDP,General government,Yearly updates,Public finance,2008,8.581,Normal value
Annual,EST,Estonia,GGD,Government gross debt,PT_B1GQ,Percentage of GDP,General government,Yearly updates,Public finance,2016,13.778,Normal value
Annual,EUOECD,European Union countries in OECD,GGD,Government gross debt,PT_B1GQ,Percentage of GDP,General government,Yearly updates,Public finance,2017,99.87,Normal value
Annual,EUOECD,European Union countries in OECD,GGD,Government gross debt,PT_B1GQ,Percentage of GDP,General government,Yearly updates,Public finance,2018,96.69,Normal value
Annual,EUOECD,European Union countries in OECD,GGD,Government gross debt,PT_B1GQ,Percentage of GDP,General government,Yearly updates,Public finance,2019,97.09,Normal value
Annual,EUOECD,European Union countries in OECD,GGD,Government gross debt,PT_B1GQ,Percentage of GDP,General government,Yearly updates,Public finance,2020,113.6,Normal value
Annual,EUOECD,European Union countries in OECD,GGD,Government gross debt,PT_B1GQ,Percentage of GDP,General government,Yearly updates,Public finance,2021,107.14,Normal value
Annual,EUOECD,European Union countries in OECD,GGD,Government gross debt,PT_B1GQ,Percentage of GDP,General government,Yearly updates,Public finance,2022,89.85,Normal value
Annual,EUOECD,European Union countries in OECD,GGD,Government gross debt,PT_B1GQ,Percentage of GDP,General government,Yearly updates,Public finance,2023,90.47,Normal value
Annual,EUOECD,European Union countries in OECD,GGD,Government gross debt,PT_B1GQ,Percentage of GDP,General government,Yearly updates,Public finance,2024,90.1,Normal value
Annual,EUOECD,European Union countries in OECD,GGD,Government gross debt,PT_B1GQ,Percentage of GDP,General government,Yearly updates,Public finance,2007,69.17,Normal value
Annual,EUOECD,European Union countries in OECD,GGD,Government gross debt,PT_B1GQ,Percentage of GDP,General government,Yearly updates,Public finance,2008,73.94,Normal value
Annual,EUOECD,European Union countries in OECD,GGD,Government gross debt,PT_B1GQ,Percentage of GDP,General government,Yearly updates,Public finance,2009,84.38,Normal value
Annual,EUOECD,European Union countries in OECD,GGD,Government gross debt,PT_B1GQ,Percentage of GDP,General government,Yearly updates,Public finance,2010,88.28,Normal value
Annual,EUOECD,European Union countries in OECD,GGD,Government gross debt,PT_B1GQ,Percentage of GDP,General government,Yearly updates,Public finance,2011,89.19,Normal value
Annual,EUOECD,European Union countries in OECD,GGD,Government gross debt,PT_B1GQ,Percentage of GDP,General government,Yearly updates,Public finance,2012,98.88,Normal value
Annual,EUOECD,European Union countries in OECD,GGD,Government gross debt,PT_B1GQ,Percentage of GDP,General government,Yearly updates,Public finance,2013,100.67,Normal value
Annual,EUOECD,European Union countries in OECD,GGD,Government gross debt,PT_B1GQ,Percentage of GDP,General government,Yearly updates,Public finance,2014,106.36,Normal value
Annual,EUOECD,European Union countries in OECD,GGD,Government gross debt,PT_B1GQ,Percentage of GDP,General government,Yearly updates,Public finance,2015,103.83,Normal value
Annual,EUOECD,European Union countries in OECD,GGD,Government gross debt,PT_B1GQ,Percentage of GDP,General government,Yearly updates,Public finance,2016,103.31,Normal value
Annual,FIN,Finland,GGD,Government gross debt,PT_B1GQ,Percentage of GDP,General government,Yearly updates,Public finance,2017,78.47,Normal value
Annual,FIN,Finland,GGD,Government gross debt,PT_B1GQ,Percentage of GDP,General government,Yearly updates,Public finance,2018,75.754,Normal value
Annual,FIN,Finland,GGD,Government gross debt,PT_B1GQ,Percentage of GDP,General government,Yearly updates,Public finance,2019,75.626,Normal value
Annual,FIN,Finland,GGD,Government gross debt,PT_B1GQ,Percentage of GDP,General government,Yearly updates,Public finance,2020,87.225,Normal value
Annual,FIN,Finland,GGD,Government gross debt,PT_B1GQ,Percentage of GDP,General government,Yearly updates,Public finance,2021,82.223,Normal value
Annual,FIN,Finland,GGD,Government gross debt,PT_B1GQ,Percentage of GDP,General government,Yearly updates,Public finance,2022,74.769,Normal value
Annual,FIN,Finland,GGD,Government gross debt,PT_B1GQ,Percentage of GDP,General government,Yearly updates,Public finance,2023,80.694,Normal value
Annual,FIN,Finland,GGD,Government gross debt,PT_B1GQ,Percentage of GDP,General government,Yearly updates,Public finance,2024,85.28,Normal value
Annual,FIN,Finland,GGD,Government gross debt,PT_B1GQ,Percentage of GDP,General government,Yearly updates,Public finance,2007,41.088,Normal value
Annual,FIN,Finland,GGD,Government gross debt,PT_B1GQ,Percentage of GDP,General government,Yearly updates,Public finance,2008,40.325,Normal value
Annual,FIN,Finland,GGD,Government gross debt,PT_B1GQ,Percentage of GDP,General government,Yearly updates,Public finance,2009,51.636,Normal value
Annual,FIN,Finland,GGD,Government gross debt,PT_B1GQ,Percentage of GDP,General government,Yearly updates,Public finance,2010,58.016,Normal value
Annual,FIN,Finland,GGD,Government gross debt,PT_B1GQ,Percentage of GDP,General government,Yearly updates,Public finance,2011,61.005,Normal value
Annual,FIN,Finland,GGD,Government gross debt,PT_B1GQ,Percentage of GDP,General government,Yearly updates,Public finance,2012,68.257,Normal value
Annual,FIN,Finland,GGD,Government gross debt,PT_B1GQ,Percentage of GDP,General government,Yearly updates,Public finance,2013,69.126,Normal value
Annual,FIN,Finland,GGD,Government gross debt,PT_B1GQ,Percentage of GDP,General government,Yearly updates,Public finance,2014,76.284,Normal value
Annual,FIN,Finland,GGD,Government gross debt,PT_B1GQ,Percentage of GDP,General government,Yearly updates,Public finance,2015,80.375,Normal value
Annual,FIN,Finland,GGD,Government gross debt,PT_B1GQ,Percentage of GDP,General government,Yearly updates,Public finance,2016,81.128,Normal value
Annual,FRA,France,GGD,Government gross debt,PT_B1GQ,Percentage of GDP,General government,Yearly updates,Public finance,2017,124.765,Normal value
Annual,FRA,France,GGD,Government gross debt,PT_B1GQ,Percentage of GDP,General government,Yearly updates,Public finance,2018,122.743,Normal value
Annual,FRA,France,GGD,Government gross debt,PT_B1GQ,Percentage of GDP,General government,Yearly updates,Public finance,2019,122.825,Normal value
Annual,FRA,France,GGD,Government gross debt,PT_B1GQ,Percentage of GDP,General government,Yearly updates,Public finance,2020,144.464,Normal value
Annual,FRA,France,GGD,Government gross debt,PT_B1GQ,Percentage of GDP,General government,Yearly updates,Public finance,2021,136.676,Normal value
Annual,FRA,France,GGD,Government gross debt,PT_B1GQ,Percentage of GDP,General government,Yearly updates,Public finance,2022,115.335,Normal value
Annual,FRA,France,GGD,Government gross debt,PT_B1GQ,Percentage of GDP,General government,Yearly updates,Public finance,2023,116.452,Normal value
Annual,FRA,France,GGD,Government gross debt,PT_B1GQ,Percentage of GDP,General government,Yearly updates,Public finance,2024,116.457,Normal value
Annual,FRA,France,GGD,Government gross debt,PT_B1GQ,Percentage of GDP,General government,Yearly updates,Public finance,2007,77.261,Normal value
Annual,FRA,France,GGD,Government gross debt,PT_B1GQ,Percentage of GDP,General government,Yearly updates,Public finance,2008,83.412,Normal value
Annual,FRA,France,GGD,Government gross debt,PT_B1GQ,Percentage of GDP,General government,Yearly updates,Public finance,2009,97.952,Normal value
Annual,FRA,France,GGD,Government gross debt,PT_B1GQ,Percentage of GDP,General government,Yearly updates,Public finance,2010,101.195,Normal value
Annual,FRA,France,GGD,Government gross debt,PT_B1GQ,Percentage of GDP,General government,Yearly updates,Public finance,2011,103.392,Normal value
Annual,FRA,France,GGD,Government gross debt,PT_B1GQ,Percentage of GDP,General government,Yearly updates,Public finance,2012,111.394,Normal value
Annual,FRA,France,GGD,Government gross debt,PT_B1GQ,Percentage of GDP,General government,Yearly updates,Public finance,2013,112.728,Normal value
Annual,FRA,France,GGD,Government gross debt,PT_B1GQ,Percentage of GDP,General government,Yearly updates,Public finance,2014,120.964,Normal value
Annual,FRA,France,GGD,Government gross debt,PT_B1GQ,Percentage of GDP,General government,Yearly updates,Public finance,2015,121.555,Normal value
Annual,FRA,France,GGD,Government gross debt,PT_B1GQ,Percentage of GDP,General government,Yearly updates,Public finance,2016,124.894,Normal value
Annual,GBR,United Kingdom,GGD,Government gross debt,PT_B1GQ,Percentage of GDP,General government,Yearly updates,Public finance,2016,117.203,Normal value
Annual,GBR,United Kingdom,GGD,Government gross debt,PT_B1GQ,Percentage of GDP,General government,Yearly updates,Public finance,2017,116.72,Normal value
Annual,GBR,United Kingdom,GGD,Government gross debt,PT_B1GQ,Percentage of GDP,General government,Yearly updates,Public finance,2018,113.39,Normal value
Annual,GBR,United Kingdom,GGD,Government gross debt,PT_B1GQ,Percentage of GDP,General government,Yearly updates,Public finance,2019,115.873,Normal value
Annual,GBR,United Kingdom,GGD,Government gross debt,PT_B1GQ,Percentage of GDP,General government,Yearly updates,Public finance,2020,147.925,Normal value
Annual,GBR,United Kingdom,GGD,Government gross debt,PT_B1GQ,Percentage of GDP,General government,Yearly updates,Public finance,2021,138.094,Normal value
Annual,GBR,United Kingdom,GGD,Government gross debt,PT_B1GQ,Percentage of GDP,General government,Yearly updates,Public finance,2022,99.434,Normal value
Annual,GBR,United Kingdom,GGD,Government gross debt,PT_B1GQ,Percentage of GDP,General government,Yearly updates,Public finance,2023,98.214,Normal value
Annual,GBR,United Kingdom,GGD,Government gross debt,PT_B1GQ,Percentage of GDP,General government,Yearly updates,Public finance,2024,93.004,Normal value
Annual,GBR,United Kingdom,GGD,Government gross debt,PT_B1GQ,Percentage of GDP,General government,Yearly updates,Public finance,2007,51.251,Normal value
Annual,GBR,United Kingdom,GGD,Government gross debt,PT_B1GQ,Percentage of GDP,General government,Yearly updates,Public finance,2008,63.488,Normal value
Annual,GBR,United Kingdom,GGD,Government gross debt,PT_B1GQ,Percentage of GDP,General government,Yearly updates,Public finance,2009,77.085,Normal value
Annual,GBR,United Kingdom,GGD,Government gross debt,PT_B1GQ,Percentage of GDP,General government,Yearly updates,Public finance,2010,87.51,Normal value
Annual,GBR,United Kingdom,GGD,Government gross debt,PT_B1GQ,Percentage of GDP,General government,Yearly updates,Public finance,2011,101.211,Normal value
Annual,GBR,United Kingdom,GGD,Government gross debt,PT_B1GQ,Percentage of GDP,General government,Yearly updates,Public finance,2012,104.715,Normal value
Annual,GBR,United Kingdom,GGD,Government gross debt,PT_B1GQ,Percentage of GDP,General government,Yearly updates,Public finance,2013,100.525,Normal value
Annual,GBR,United Kingdom,GGD,Government gross debt,PT_B1GQ,Percentage of GDP,General government,Yearly updates,Public finance,2014,110.395,Normal value
Annual,GBR,United Kingdom,GGD,Government gross debt,PT_B1GQ,Percentage of GDP,General government,Yearly updates,Public finance,2015,110.007,Normal value
Annual,GRC,Greece,GGD,Government gross debt,PT_B1GQ,Percentage of GDP,General government,Yearly updates,Public finance,2017,192.507,Normal value
Annual,GRC,Greece,GGD,Government gross debt,PT_B1GQ,Percentage of GDP,General government,Yearly updates,Public finance,2018,198.238,Normal value
Annual,GRC,Greece,GGD,Government gross debt,PT_B1GQ,Percentage of GDP,General government,Yearly updates,Public finance,2019,198.888,Normal value
Annual,GRC,Greece,GGD,Government gross debt,PT_B1GQ,Percentage of GDP,General government,Yearly updates,Public finance,2020,233.787,Normal value
Annual,GRC,Greece,GGD,Government gross debt,PT_B1GQ,Percentage of GDP,General government,Yearly updates,Public finance,2021,220.858,Normal value
Annual,GRC,Greece,GGD,Government gross debt,PT_B1GQ,Percentage of GDP,General government,Yearly updates,Public finance,2022,191.98,Normal value
Annual,GRC,Greece,GGD,Government gross debt,PT_B1GQ,Percentage of GDP,General government,Yearly updates,Public finance,2023,180.176,Normal value
Annual,GRC,Greece,GGD,Government gross debt,PT_B1GQ,Percentage of GDP,General government,Yearly updates,Public finance,2024,169.257,Normal value
Annual,GRC,Greece,GGD,Government gross debt,PT_B1GQ,Percentage of GDP,General government,Yearly updates,Public finance,2007,114.683,Normal value
Annual,GRC,Greece,GGD,Government gross debt,PT_B1GQ,Percentage of GDP,General government,Yearly updates,Public finance,2008,119.247,Normal value
Annual,GRC,Greece,GGD,Government gross debt,PT_B1GQ,Percentage of GDP,General government,Yearly updates,Public finance,2009,137.374,Normal value
Annual,GRC,Greece,GGD,Government gross debt,PT_B1GQ,Percentage of GDP,General government,Yearly updates,Public finance,2010,130.668,Normal value
Annual,GRC,Greece,GGD,Government gross debt,PT_B1GQ,Percentage of GDP,General government,Yearly updates,Public finance,2011,113.482,Normal value
Annual,GRC,Greece,GGD,Government gross debt,PT_B1GQ,Percentage of GDP,General government,Yearly updates,Public finance,2012,169.329,Normal value
Annual,GRC,Greece,GGD,Government gross debt,PT_B1GQ,Percentage of GDP,General government,Yearly updates,Public finance,2013,183.198,Normal value
Annual,GRC,Greece,GGD,Government gross debt,PT_B1GQ,Percentage of GDP,General government,Yearly updates,Public finance,2014,184.325,Normal value
Annual,GRC,Greece,GGD,Government gross debt,PT_B1GQ,Percentage of GDP,General government,Yearly updates,Public finance,2015,185.291,Normal value
Annual,GRC,Greece,GGD,Government gross debt,PT_B1GQ,Percentage of GDP,General government,Yearly updates,Public finance,2016,189.048,Normal value
Annual,HUN,Hungary,GGD,Government gross debt,PT_B1GQ,Percentage of GDP,General government,Yearly updates,Public finance,2017,93.105,Normal value
Annual,HUN,Hungary,GGD,Government gross debt,PT_B1GQ,Percentage of GDP,General government,Yearly updates,Public finance,2018,86.599,Normal value
Annual,HUN,Hungary,GGD,Government gross debt,PT_B1GQ,Percentage of GDP,General government,Yearly updates,Public finance,2019,83.599,Normal value
Annual,HUN,Hungary,GGD,Government gross debt,PT_B1GQ,Percentage of GDP,General government,Yearly updates,Public finance,2020,96.497,Normal value
Annual,HUN,Hungary,GGD,Government gross debt,PT_B1GQ,Percentage of GDP,General government,Yearly updates,Public finance,2021,88.295,Normal value
Annual,HUN,Hungary,GGD,Government gross debt,PT_B1GQ,Percentage of GDP,General government,Yearly updates,Public finance,2022,77.35,Normal value
Annual,HUN,Hungary,GGD,Government gross debt,PT_B1GQ,Percentage of GDP,General government,Yearly updates,Public finance,2023,81.428,Normal value
Annual,HUN,Hungary,GGD,Government gross debt,PT_B1GQ,Percentage of GDP,General government,Yearly updates,Public finance,2024,81.867,Normal value
Annual,HUN,Hungary,GGD,Government gross debt,PT_B1GQ,Percentage of GDP,General government,Yearly updates,Public finance,2007,71.895,Normal value
Annual,HUN,Hungary,GGD,Government gross debt,PT_B1GQ,Percentage of GDP,General government,Yearly updates,Public finance,2008,75.793,Normal value
Annual,HUN,Hungary,GGD,Government gross debt,PT_B1GQ,Percentage of GDP,General government,Yearly updates,Public finance,2009,85.076,Normal value
Annual,HUN,Hungary,GGD,Government gross debt,PT_B1GQ,Percentage of GDP,General government,Yearly updates,Public finance,2010,86.243,Normal value
Annual,HUN,Hungary,GGD,Government gross debt,PT_B1GQ,Percentage of GDP,General government,Yearly updates,Public finance,2011,95.295,Normal value
Annual,HUN,Hungary,GGD,Government gross debt,PT_B1GQ,Percentage of GDP,General government,Yearly updates,Public finance,2012,98.682,Normal value
Annual,HUN,Hungary,GGD,Government gross debt,PT_B1GQ,Percentage of GDP,General government,Yearly updates,Public finance,2013,97.229,Normal value
Annual,HUN,Hungary,GGD,Government gross debt,PT_B1GQ,Percentage of GDP,General government,Yearly updates,Public finance,2014,100.559,Normal value
Annual,HUN,Hungary,GGD,Government gross debt,PT_B1GQ,Percentage of GDP,General government,Yearly updates,Public finance,2015,98.798,Normal value
Annual,HUN,Hungary,GGD,Government gross debt,PT_B1GQ,Percentage of GDP,General government,Yearly updates,Public finance,2016,98.424,Normal value
Annual,IRL,Ireland,GGD,Government gross debt,PT_B1GQ,Percentage of GDP,General government,Yearly updates,Public finance,2017,76.649,Normal value
Annual,IRL,Ireland,GGD,Government gross debt,PT_B1GQ,Percentage of GDP,General government,Yearly updates,Public finance,2018,74.541,Normal value
Annual,IRL,Ireland,GGD,Government gross debt,PT_B1GQ,Percentage of GDP,General government,Yearly updates,Public finance,2019,68.915,Normal value
Annual,IRL,Ireland,GGD,Government gross debt,PT_B1GQ,Percentage of GDP,General government,Yearly updates,Public finance,2020,71.524,Normal value
Annual,IRL,Ireland,GGD,Government gross debt,PT_B1GQ,Percentage of GDP,General government,Yearly updates,Public finance,2021,62.967,Normal value
Annual,IRL,Ireland,GGD,Government gross debt,PT_B1GQ,Percentage of GDP,General government,Yearly updates,Public finance,2022,45.307,Normal value
Annual,IRL,Ireland,GGD,Government gross debt,PT_B1GQ,Percentage of GDP,General government,Yearly updates,Public finance,2023,46.266,Normal value
Annual,IRL,Ireland,GGD,Government gross debt,PT_B1GQ,Percentage of GDP,General government,Yearly updates,Public finance,2024,41.111,Normal value
Annual,IRL,Ireland,GGD,Government gross debt,PT_B1GQ,Percentage of GDP,General government,Yearly updates,Public finance,2007,27.475,Normal value
Annual,IRL,Ireland,GGD,Government gross debt,PT_B1GQ,Percentage of GDP,General government,Yearly updates,Public finance,2008,47.291,Normal value
Annual,IRL,Ireland,GGD,Government gross debt,PT_B1GQ,Percentage of GDP,General government,Yearly updates,Public finance,2009,67.47,Normal value
Annual,IRL,Ireland,GGD,Government gross debt,PT_B1GQ,Percentage of GDP,General government,Yearly updates,Public finance,2010,83.354,Normal value
Annual,IRL,Ireland,GGD,Government gross debt,PT_B1GQ,Percentage of GDP,General government,Yearly updates,Public finance,2011,109.769,Normal value
Annual,IRL,Ireland,GGD,Government gross debt,PT_B1GQ,Percentage of GDP,General government,Yearly updates,Public finance,2012,128.137,Normal value
Annual,IRL,Ireland,GGD,Government gross debt,PT_B1GQ,Percentage of GDP,General government,Yearly updates,Public finance,2013,130.951,Normal value
Annual,IRL,Ireland,GGD,Government gross debt,PT_B1GQ,Percentage of GDP,General government,Yearly updates,Public finance,2014,122.483,Normal value
Annual,IRL,Ireland,GGD,Government gross debt,PT_B1GQ,Percentage of GDP,General government,Yearly updates,Public finance,2015,89.297,Normal value
Annual,IRL,Ireland,GGD,Government gross debt,PT_B1GQ,Percentage of GDP,General government,Yearly updates,Public finance,2016,87.23,Normal value
Annual,ISL,Iceland,GGD,Government gross debt,PT_B1GQ,Percentage of GDP,General government,Yearly updates,Public finance,2018,69.218,Normal value
Annual,ISL,Iceland,GGD,Government gross debt,PT_B1GQ,Percentage of GDP,General government,Yearly updates,Public finance,2019,71.803,Normal value
Annual,ISL,Iceland,GGD,Government gross debt,PT_B1GQ,Percentage of GDP,General government,Yearly updates,Public finance,2020,84.74,Normal value
Annual,ISL,Iceland,GGD,Government gross debt,PT_B1GQ,Percentage of GDP,General government,Yearly updates,Public finance,2021,81.864,Normal value
Annual,ISL,Iceland,GGD,Government gross debt,PT_B1GQ,Percentage of GDP,General government,Yearly updates,Public finance,2022,74.351,Normal value
Annual,ISL,Iceland,GGD,Government gross debt,PT_B1GQ,Percentage of GDP,General government,Yearly updates,Public finance,2023,69.111,Normal value
Annual,ISL,Iceland,GGD,Government gross debt,PT_B1GQ,Percentage of GDP,General government,Yearly updates,Public finance,2007,73.463,Normal value
Annual,ISL,Iceland,GGD,Government gross debt,PT_B1GQ,Percentage of GDP,General government,Yearly updates,Public finance,2008,116.555,Normal value
Annual,ISL,Iceland,GGD,Government gross debt,PT_B1GQ,Percentage of GDP,General government,Yearly updates,Public finance,2009,134.994,Normal value
Annual,ISL,Iceland,GGD,Government gross debt,PT_B1GQ,Percentage of GDP,General government,Yearly updates,Public finance,2010,139.9,Normal value
Annual,ISL,Iceland,GGD,Government gross debt,PT_B1GQ,Percentage of GDP,General government,Yearly updates,Public finance,2011,145.254,Normal value
Annual,ISL,Iceland,GGD,Government gross debt,PT_B1GQ,Percentage of GDP,General government,Yearly updates,Public finance,2012,140.909,Normal value
Annual,ISL,Iceland,GGD,Government gross debt,PT_B1GQ,Percentage of GDP,General government,Yearly updates,Public finance,2013,128.673,Normal value
Annual,ISL,Iceland,GGD,Government gross debt,PT_B1GQ,Percentage of GDP,General government,Yearly updates,Public finance,2014,122.974,Normal value
Annual,ISL,Iceland,GGD,Government gross debt,PT_B1GQ,Percentage of GDP,General government,Yearly updates,Public finance,2015,103.153,Normal value
Annual,ISL,Iceland,GGD,Government gross debt,PT_B1GQ,Percentage of GDP,General government,Yearly updates,Public finance,2016,88.711,Normal value
Annual,ISL,Iceland,GGD,Government gross debt,PT_B1GQ,Percentage of GDP,General government,Yearly updates,Public finance,2017,77.941,Normal value
Annual,ISR,Israel,GGD,Government gross debt,PT_B1GQ,Percentage of GDP,General government,Yearly updates,Public finance,2018,71.891,Normal value
Annual,ISR,Israel,GGD,Government gross debt,PT_B1GQ,Percentage of GDP,General government,Yearly updates,Public finance,2019,74.383,Normal value
Annual,ISR,Israel,GGD,Government gross debt,PT_B1GQ,Percentage of GDP,General government,Yearly updates,Public finance,2020,86.828,Normal value
Annual,ISR,Israel,GGD,Government gross debt,PT_B1GQ,Percentage of GDP,General government,Yearly updates,Public finance,2021,82.833,Normal value
Annual,ISR,Israel,GGD,Government gross debt,PT_B1GQ,Percentage of GDP,General government,Yearly updates,Public finance,2022,68.455,Normal value
Annual,ISR,Israel,GGD,Government gross debt,PT_B1GQ,Percentage of GDP,General government,Yearly updates,Public finance,2023,68.321,Normal value
Annual,ISR,Israel,GGD,Government gross debt,PT_B1GQ,Percentage of GDP,General government,Yearly updates,Public finance,2007,78.583,Normal value
Annual,ISR,Israel,GGD,Government gross debt,PT_B1GQ,Percentage of GDP,General government,Yearly updates,Public finance,2008,79.566,Normal value
Annual,ISR,Israel,GGD,Government gross debt,PT_B1GQ,Percentage of GDP,General government,Yearly updates,Public finance,2009,82.504,Normal value
Annual,ISR,Israel,GGD,Government gross debt,PT_B1GQ,Percentage of GDP,General government,Yearly updates,Public finance,2010,79.368,Normal value
Annual,ISR,Israel,GGD,Government gross debt,PT_B1GQ,Percentage of GDP,General government,Yearly updates,Public finance,2011,77.602,Normal value
Annual,ISR,Israel,GGD,Government gross debt,PT_B1GQ,Percentage of GDP,General government,Yearly updates,Public finance,2012,78.719,Normal value
Annual,ISR,Israel,GGD,Government gross debt,PT_B1GQ,Percentage of GDP,General government,Yearly updates,Public finance,2013,76.894,Normal value
Annual,ISR,Israel,GGD,Government gross debt,PT_B1GQ,Percentage of GDP,General government,Yearly updates,Public finance,2014,77.562,Normal value
Annual,ISR,Israel,GGD,Government gross debt,PT_B1GQ,Percentage of GDP,General government,Yearly updates,Public finance,2015,78.341,Normal value
Annual,ISR,Israel,GGD,Government gross debt,PT_B1GQ,Percentage of GDP,General government,Yearly updates,Public finance,2016,76.906,Normal value
Annual,ISR,Israel,GGD,Government gross debt,PT_B1GQ,Percentage of GDP,General government,Yearly updates,Public finance,2017,73.653,Normal value
Annual,ITA,Italy,GGD,Government gross debt,PT_B1GQ,Percentage of GDP,General government,Yearly updates,Public finance,2012,135.131,Normal value
Annual,ITA,Italy,GGD,Government gross debt,PT_B1GQ,Percentage of GDP,General government,Yearly updates,Public finance,2013,142.799,Normal value
Annual,ITA,Italy,GGD,Government gross debt,PT_B1GQ,Percentage of GDP,General government,Yearly updates,Public finance,2014,154.839,Normal value
Annual,ITA,Italy,GGD,Government gross debt,PT_B1GQ,Percentage of GDP,General government,Yearly updates,Public finance,2015,155.857,Normal value
Annual,ITA,Italy,GGD,Government gross debt,PT_B1GQ,Percentage of GDP,General government,Yearly updates,Public finance,2017,150.631,Normal value
Annual,ITA,Italy,GGD,Government gross debt,PT_B1GQ,Percentage of GDP,General government,Yearly updates,Public finance,2018,145.843,Normal value
Annual,ITA,Italy,GGD,Government gross debt,PT_B1GQ,Percentage of GDP,General government,Yearly updates,Public finance,2019,152.882,Normal value
Annual,ITA,Italy,GGD,Government gross debt,PT_B1GQ,Percentage of GDP,General government,Yearly updates,Public finance,2020,181.38,Normal value
Annual,ITA,Italy,GGD,Government gross debt,PT_B1GQ,Percentage of GDP,General government,Yearly updates,Public finance,2021,169.034,Normal value
Annual,ITA,Italy,GGD,Government gross debt,PT_B1GQ,Percentage of GDP,General government,Yearly updates,Public finance,2022,145.064,Normal value
Annual,ITA,Italy,GGD,Government gross debt,PT_B1GQ,Percentage of GDP,General government,Yearly updates,Public finance,2023,148.217,Normal value
Annual,ITA,Italy,GGD,Government gross debt,PT_B1GQ,Percentage of GDP,General government,Yearly updates,Public finance,2024,148.41,Normal value
Annual,ITA,Italy,GGD,Government gross debt,PT_B1GQ,Percentage of GDP,General government,Yearly updates,Public finance,2007,109.755,Normal value
Annual,ITA,Italy,GGD,Government gross debt,PT_B1GQ,Percentage of GDP,General government,Yearly updates,Public finance,2008,112.128,Normal value
Annual,ITA,Italy,GGD,Government gross debt,PT_B1GQ,Percentage of GDP,General government,Yearly updates,Public finance,2009,125.044,Normal value
Annual,ITA,Italy,GGD,Government gross debt,PT_B1GQ,Percentage of GDP,General government,Yearly updates,Public finance,2010,123.83,Normal value
Annual,ITA,Italy,GGD,Government gross debt,PT_B1GQ,Percentage of GDP,General government,Yearly updates,Public finance,2011,116.959,Normal value
Annual,ITA,Italy,GGD,Government gross debt,PT_B1GQ,Percentage of GDP,General government,Yearly updates,Public finance,2016,153.175,Normal value
Annual,JPN,Japan,GGD,Government gross debt,PT_B1GQ,Percentage of GDP,General government,Yearly updates,Public finance,2018,223.874,Normal value
Annual,JPN,Japan,GGD,Government gross debt,PT_B1GQ,Percentage of GDP,General government,Yearly updates,Public finance,2019,225.289,Normal value
Annual,JPN,Japan,GGD,Government gross debt,PT_B1GQ,Percentage of GDP,General government,Yearly updates,Public finance,2020,246.69,Normal value
Annual,JPN,Japan,GGD,Government gross debt,PT_B1GQ,Percentage of GDP,General government,Yearly updates,Public finance,2021,243.733,Normal value
Annual,JPN,Japan,GGD,Government gross debt,PT_B1GQ,Percentage of GDP,General government,Yearly updates,Public finance,2022,242.306,Normal value
Annual,JPN,Japan,GGD,Government gross debt,PT_B1GQ,Percentage of GDP,General government,Yearly updates,Public finance,2023,228.085,Normal value
Annual,JPN,Japan,GGD,Government gross debt,PT_B1GQ,Percentage of GDP,General government,Yearly updates,Public finance,2007,153.132,Normal value
Annual,JPN,Japan,GGD,Government gross debt,PT_B1GQ,Percentage of GDP,General government,Yearly updates,Public finance,2008,158.504,Normal value
Annual,JPN,Japan,GGD,Government gross debt,PT_B1GQ,Percentage of GDP,General government,Yearly updates,Public finance,2009,178.875,Normal value
Annual,JPN,Japan,GGD,Government gross debt,PT_B1GQ,Percentage of GDP,General government,Yearly updates,Public finance,2010,182.96,Normal value
Annual,JPN,Japan,GGD,Government gross debt,PT_B1GQ,Percentage of GDP,General government,Yearly updates,Public finance,2011,198.634,Normal value
Annual,JPN,Japan,GGD,Government gross debt,PT_B1GQ,Percentage of GDP,General government,Yearly updates,Public finance,2012,207.192,Normal value
Annual,JPN,Japan,GGD,Government gross debt,PT_B1GQ,Percentage of GDP,General government,Yearly updates,Public finance,2013,209.484,Normal value
Annual,JPN,Japan,GGD,Government gross debt,PT_B1GQ,Percentage of GDP,General government,Yearly updates,Public finance,2014,217.004,Normal value
Annual,JPN,Japan,GGD,Government gross debt,PT_B1GQ,Percentage of GDP,General government,Yearly updates,Public finance,2015,220.661,Normal value
Annual,JPN,Japan,GGD,Government gross debt,PT_B1GQ,Percentage of GDP,General government,Yearly updates,Public finance,2016,220.08,Normal value
Annual,JPN,Japan,GGD,Government gross debt,PT_B1GQ,Percentage of GDP,General government,Yearly updates,Public finance,2017,219.837,Normal value
Annual,KOR,Korea,GGD,Government gross debt,PT_B1GQ,Percentage of GDP,General government,Yearly updates,Public finance,2018,39.589,Normal value
Annual,KOR,Korea,GGD,Government gross debt,PT_B1GQ,Percentage of GDP,General government,Yearly updates,Public finance,2019,41.69,Normal value
Annual,KOR,Korea,GGD,Government gross debt,PT_B1GQ,Percentage of GDP,General government,Yearly updates,Public finance,2020,47.066,Normal value
Annual,KOR,Korea,GGD,Government gross debt,PT_B1GQ,Percentage of GDP,General government,Yearly updates,Public finance,2021,47.593,Normal value
Annual,KOR,Korea,GGD,Government gross debt,PT_B1GQ,Percentage of GDP,General government,Yearly updates,Public finance,2022,46.188,Normal value
Annual,KOR,Korea,GGD,Government gross debt,PT_B1GQ,Percentage of GDP,General government,Yearly updates,Public finance,2023,48.896,Normal value
Annual,KOR,Korea,GGD,Government gross debt,PT_B1GQ,Percentage of GDP,General government,Yearly updates,Public finance,2007,25.423,Normal value
Annual,KOR,Korea,GGD,Government gross debt,PT_B1GQ,Percentage of GDP,General government,Yearly updates,Public finance,2008,26.282,Normal value
Annual,KOR,Korea,GGD,Government gross debt,PT_B1GQ,Percentage of GDP,General government,Yearly updates,Public finance,2009,28.771,Normal value
Annual,KOR,Korea,GGD,Government gross debt,PT_B1GQ,Percentage of GDP,General government,Yearly updates,Public finance,2010,30.574,Normal value
Annual,KOR,Korea,GGD,Government gross debt,PT_B1GQ,Percentage of GDP,General government,Yearly updates,Public finance,2011,33.073,Normal value
Annual,KOR,Korea,GGD,Government gross debt,PT_B1GQ,Percentage of GDP,General government,Yearly updates,Public finance,2012,35.513,Normal value
Annual,KOR,Korea,GGD,Government gross debt,PT_B1GQ,Percentage of GDP,General government,Yearly updates,Public finance,2013,37.091,Normal value
Annual,KOR,Korea,GGD,Government gross debt,PT_B1GQ,Percentage of GDP,General government,Yearly updates,Public finance,2014,39.89,Normal value
Annual,KOR,Korea,GGD,Government gross debt,PT_B1GQ,Percentage of GDP,General government,Yearly updates,Public finance,2015,41.298,Normal value
Annual,KOR,Korea,GGD,Government gross debt,PT_B1GQ,Percentage of GDP,General government,Yearly updates,Public finance,2016,40.634,Normal value
Annual,KOR,Korea,GGD,Government gross debt,PT_B1GQ,Percentage of GDP,General government,Yearly updates,Public finance,2017,38.644,Normal value
Annual,LTU,Lithuania,GGD,Government gross debt,PT_B1GQ,Percentage of GDP,General government,Yearly updates,Public finance,2017,47.104,Normal value
Annual,LTU,Lithuania,GGD,Government gross debt,PT_B1GQ,Percentage of GDP,General government,Yearly updates,Public finance,2018,40.239,Normal value
Annual,LTU,Lithuania,GGD,Government gross debt,PT_B1GQ,Percentage of GDP,General government,Yearly updates,Public finance,2019,44.154,Normal value
Annual,LTU,Lithuania,GGD,Government gross debt,PT_B1GQ,Percentage of GDP,General government,Yearly updates,Public finance,2020,54.671,Normal value
Annual,LTU,Lithuania,GGD,Government gross debt,PT_B1GQ,Percentage of GDP,General government,Yearly updates,Public finance,2021,50.101,Normal value
Annual,LTU,Lithuania,GGD,Government gross debt,PT_B1GQ,Percentage of GDP,General government,Yearly updates,Public finance,2022,37.749,Normal value
Annual,LTU,Lithuania,GGD,Government gross debt,PT_B1GQ,Percentage of GDP,General government,Yearly updates,Public finance,2023,38.487,Normal value
Annual,LTU,Lithuania,GGD,Government gross debt,PT_B1GQ,Percentage of GDP,General government,Yearly updates,Public finance,2024,40.299,Normal value
Annual,LTU,Lithuania,GGD,Government gross debt,PT_B1GQ,Percentage of GDP,General government,Yearly updates,Public finance,2007,19.388,Normal value
Annual,LTU,Lithuania,GGD,Government gross debt,PT_B1GQ,Percentage of GDP,General government,Yearly updates,Public finance,2008,17.125,Normal value
Annual,LTU,Lithuania,GGD,Government gross debt,PT_B1GQ,Percentage of GDP,General government,Yearly updates,Public finance,2009,34.082,Normal value
Annual,LTU,Lithuania,GGD,Government gross debt,PT_B1GQ,Percentage of GDP,General government,Yearly updates,Public finance,2010,46.104,Normal value
Annual,LTU,Lithuania,GGD,Government gross debt,PT_B1GQ,Percentage of GDP,General government,Yearly updates,Public finance,2011,46.095,Normal value
Annual,LTU,Lithuania,GGD,Government gross debt,PT_B1GQ,Percentage of GDP,General government,Yearly updates,Public finance,2012,51.513,Normal value
Annual,LTU,Lithuania,GGD,Government gross debt,PT_B1GQ,Percentage of GDP,General government,Yearly updates,Public finance,2013,48.234,Normal value
Annual,LTU,Lithuania,GGD,Government gross debt,PT_B1GQ,Percentage of GDP,General government,Yearly updates,Public finance,2014,52.906,Normal value
Annual,LTU,Lithuania,GGD,Government gross debt,PT_B1GQ,Percentage of GDP,General government,Yearly updates,Public finance,2015,53.196,Normal value
Annual,LTU,Lithuania,GGD,Government gross debt,PT_B1GQ,Percentage of GDP,General government,Yearly updates,Public finance,2016,50.986,Normal value
Annual,LUX,Luxembourg,GGD,Government gross debt,PT_B1GQ,Percentage of GDP,General government,Yearly updates,Public finance,2017,28.763,Normal value
Annual,LUX,Luxembourg,GGD,Government gross debt,PT_B1GQ,Percentage of GDP,General government,Yearly updates,Public finance,2018,29.22,Normal value
Annual,LUX,Luxembourg,GGD,Government gross debt,PT_B1GQ,Percentage of GDP,General government,Yearly updates,Public finance,2019,30.847,Normal value
Annual,LUX,Luxembourg,GGD,Government gross debt,PT_B1GQ,Percentage of GDP,General government,Yearly updates,Public finance,2020,32.993,Normal value
Annual,LUX,Luxembourg,GGD,Government gross debt,PT_B1GQ,Percentage of GDP,General government,Yearly updates,Public finance,2021,31.162,Normal value
Annual,LUX,Luxembourg,GGD,Government gross debt,PT_B1GQ,Percentage of GDP,General government,Yearly updates,Public finance,2022,29.788,Normal value
Annual,LUX,Luxembourg,GGD,Government gross debt,PT_B1GQ,Percentage of GDP,General government,Yearly updates,Public finance,2023,30.889,Normal value
Annual,LUX,Luxembourg,GGD,Government gross debt,PT_B1GQ,Percentage of GDP,General government,Yearly updates,Public finance,2024,31.892,Normal value
Annual,LUX,Luxembourg,GGD,Government gross debt,PT_B1GQ,Percentage of GDP,General government,Yearly updates,Public finance,2007,17.205,Normal value
Annual,LUX,Luxembourg,GGD,Government gross debt,PT_B1GQ,Percentage of GDP,General government,Yearly updates,Public finance,2008,24.695,Normal value
Annual,LUX,Luxembourg,GGD,Government gross debt,PT_B1GQ,Percentage of GDP,General government,Yearly updates,Public finance,2009,22.501,Normal value
Annual,LUX,Luxembourg,GGD,Government gross debt,PT_B1GQ,Percentage of GDP,General government,Yearly updates,Public finance,2010,27.458,Normal value
Annual,LUX,Luxembourg,GGD,Government gross debt,PT_B1GQ,Percentage of GDP,General government,Yearly updates,Public finance,2011,26.794,Normal value
Annual,LUX,Luxembourg,GGD,Government gross debt,PT_B1GQ,Percentage of GDP,General government,Yearly updates,Public finance,2012,27.621,Normal value
Annual,LUX,Luxembourg,GGD,Government gross debt,PT_B1GQ,Percentage of GDP,General government,Yearly updates,Public finance,2013,28.173,Normal value
Annual,LUX,Luxembourg,GGD,Government gross debt,PT_B1GQ,Percentage of GDP,General government,Yearly updates,Public finance,2014,29.055,Normal value
Annual,LUX,Luxembourg,GGD,Government gross debt,PT_B1GQ,Percentage of GDP,General government,Yearly updates,Public finance,2015,29.136,Normal value
Annual,LUX,Luxembourg,GGD,Government gross debt,PT_B1GQ,Percentage of GDP,General government,Yearly updates,Public finance,2016,27.064,Normal value
Annual,LVA,Latvia,GGD,Government gross debt,PT_B1GQ,Percentage of GDP,General government,Yearly updates,Public finance,2017,49.137,Normal value
Annual,LVA,Latvia,GGD,Government gross debt,PT_B1GQ,Percentage of GDP,General government,Yearly updates,Public finance,2018,48.25,Normal value
Annual,LVA,Latvia,GGD,Government gross debt,PT_B1GQ,Percentage of GDP,General government,Yearly updates,Public finance,2019,49.082,Normal value
Annual,LVA,Latvia,GGD,Government gross debt,PT_B1GQ,Percentage of GDP,General government,Yearly updates,Public finance,2020,57.144,Normal value
Annual,LVA,Latvia,GGD,Government gross debt,PT_B1GQ,Percentage of GDP,General government,Yearly updates,Public finance,2021,60.504,Normal value
Annual,LVA,Latvia,GGD,Government gross debt,PT_B1GQ,Percentage of GDP,General government,Yearly updates,Public finance,2022,54.336,Normal value
Annual,LVA,Latvia,GGD,Government gross debt,PT_B1GQ,Percentage of GDP,General government,Yearly updates,Public finance,2023,54.485,Normal value
Annual,LVA,Latvia,GGD,Government gross debt,PT_B1GQ,Percentage of GDP,General government,Yearly updates,Public finance,2024,58.363,Normal value
Annual,LVA,Latvia,GGD,Government gross debt,PT_B1GQ,Percentage of GDP,General government,Yearly updates,Public finance,2007,14.003,Normal value
Annual,LVA,Latvia,GGD,Government gross debt,PT_B1GQ,Percentage of GDP,General government,Yearly updates,Public finance,2008,24.833,Normal value
Annual,LVA,Latvia,GGD,Government gross debt,PT_B1GQ,Percentage of GDP,General government,Yearly updates,Public finance,2009,43.338,Normal value
Annual,LVA,Latvia,GGD,Government gross debt,PT_B1GQ,Percentage of GDP,General government,Yearly updates,Public finance,2010,54.634,Normal value
Annual,LVA,Latvia,GGD,Government gross debt,PT_B1GQ,Percentage of GDP,General government,Yearly updates,Public finance,2011,52.79,Normal value
Annual,LVA,Latvia,GGD,Government gross debt,PT_B1GQ,Percentage of GDP,General government,Yearly updates,Public finance,2012,50.691,Normal value
Annual,LVA,Latvia,GGD,Government gross debt,PT_B1GQ,Percentage of GDP,General government,Yearly updates,Public finance,2013,47.49,Normal value
Annual,LVA,Latvia,GGD,Government gross debt,PT_B1GQ,Percentage of GDP,General government,Yearly updates,Public finance,2014,52.737,Normal value
Annual,LVA,Latvia,GGD,Government gross debt,PT_B1GQ,Percentage of GDP,General government,Yearly updates,Public finance,2015,47.809,Normal value
Annual,LVA,Latvia,GGD,Government gross debt,PT_B1GQ,Percentage of GDP,General government,Yearly updates,Public finance,2016,51.645,Normal value
Annual,MEX,Mexico,GGD,Government gross debt,PT_B1GQ,Percentage of GDP,General government,Yearly updates,Public finance,2018,48.053,Normal value
Annual,MEX,Mexico,GGD,Government gross debt,PT_B1GQ,Percentage of GDP,General government,Yearly updates,Public finance,2019,52.342,Normal value
Annual,MEX,Mexico,GGD,Government gross debt,PT_B1GQ,Percentage of GDP,General government,Yearly updates,Public finance,2020,62.041,Normal value
Annual,MEX,Mexico,GGD,Government gross debt,PT_B1GQ,Percentage of GDP,General government,Yearly updates,Public finance,2021,57.258,Normal value
Annual,MEX,Mexico,GGD,Government gross debt,PT_B1GQ,Percentage of GDP,General government,Yearly updates,Public finance,2022,54.911,Normal value
Annual,MEX,Mexico,GGD,Government gross debt,PT_B1GQ,Percentage of GDP,General government,Yearly updates,Public finance,2023,54.532,Normal value
Annual,MEX,Mexico,GGD,Government gross debt,PT_B1GQ,Percentage of GDP,General government,Yearly updates,Public finance,2007,41.202,Normal value
Annual,MEX,Mexico,GGD,Government gross debt,PT_B1GQ,Percentage of GDP,General government,Yearly updates,Public finance,2008,42.326,Normal value
Annual,MEX,Mexico,GGD,Government gross debt,PT_B1GQ,Percentage of GDP,General government,Yearly updates,Public finance,2009,37.464,Normal value
Annual,MEX,Mexico,GGD,Government gross debt,PT_B1GQ,Percentage of GDP,General government,Yearly updates,Public finance,2010,38.602,Normal value
Annual,MEX,Mexico,GGD,Government gross debt,PT_B1GQ,Percentage of GDP,General government,Yearly updates,Public finance,2011,42.656,Normal value
Annual,MEX,Mexico,GGD,Government gross debt,PT_B1GQ,Percentage of GDP,General government,Yearly updates,Public finance,2012,46.05,Normal value
Annual,MEX,Mexico,GGD,Government gross debt,PT_B1GQ,Percentage of GDP,General government,Yearly updates,Public finance,2013,49.366,Normal value
Annual,MEX,Mexico,GGD,Government gross debt,PT_B1GQ,Percentage of GDP,General government,Yearly updates,Public finance,2014,50.074,Normal value
Annual,MEX,Mexico,GGD,Government gross debt,PT_B1GQ,Percentage of GDP,General government,Yearly updates,Public finance,2015,52.464,Normal value
Annual,MEX,Mexico,GGD,Government gross debt,PT_B1GQ,Percentage of GDP,General government,Yearly updates,Public finance,2016,50.99,Normal value
Annual,MEX,Mexico,GGD,Government gross debt,PT_B1GQ,Percentage of GDP,General government,Yearly updates,Public finance,2017,48.943,Normal value
Annual,NLD,Netherlands,GGD,Government gross debt,PT_B1GQ,Percentage of GDP,General government,Yearly updates,Public finance,2017,69.829,Normal value
Annual,NLD,Netherlands,GGD,Government gross debt,PT_B1GQ,Percentage of GDP,General government,Yearly updates,Public finance,2018,65.148,Normal value
Annual,NLD,Netherlands,GGD,Government gross debt,PT_B1GQ,Percentage of GDP,General government,Yearly updates,Public finance,2019,61.275,Normal value
Annual,NLD,Netherlands,GGD,Government gross debt,PT_B1GQ,Percentage of GDP,General government,Yearly updates,Public finance,2020,68.762,Normal value
Annual,NLD,Netherlands,GGD,Government gross debt,PT_B1GQ,Percentage of GDP,General government,Yearly updates,Public finance,2021,64.302,Normal value
Annual,NLD,Netherlands,GGD,Government gross debt,PT_B1GQ,Percentage of GDP,General government,Yearly updates,Public finance,2022,52.676,Normal value
Annual,NLD,Netherlands,GGD,Government gross debt,PT_B1GQ,Percentage of GDP,General government,Yearly updates,Public finance,2023,49.748,Normal value
Annual,NLD,Netherlands,GGD,Government gross debt,PT_B1GQ,Percentage of GDP,General government,Yearly updates,Public finance,2024,47.483,Normal value
Annual,NLD,Netherlands,GGD,Government gross debt,PT_B1GQ,Percentage of GDP,General government,Yearly updates,Public finance,2007,50.354,Normal value
Annual,NLD,Netherlands,GGD,Government gross debt,PT_B1GQ,Percentage of GDP,General government,Yearly updates,Public finance,2008,62.469,Normal value
Annual,NLD,Netherlands,GGD,Government gross debt,PT_B1GQ,Percentage of GDP,General government,Yearly updates,Public finance,2009,64.952,Normal value
Annual,NLD,Netherlands,GGD,Government gross debt,PT_B1GQ,Percentage of GDP,General government,Yearly updates,Public finance,2010,69.171,Normal value
Annual,NLD,Netherlands,GGD,Government gross debt,PT_B1GQ,Percentage of GDP,General government,Yearly updates,Public finance,2011,73.438,Normal value
Annual,NLD,Netherlands,GGD,Government gross debt,PT_B1GQ,Percentage of GDP,General government,Yearly updates,Public finance,2012,79.035,Normal value
Annual,NLD,Netherlands,GGD,Government gross debt,PT_B1GQ,Percentage of GDP,General government,Yearly updates,Public finance,2013,78.523,Normal value
Annual,NLD,Netherlands,GGD,Government gross debt,PT_B1GQ,Percentage of GDP,General government,Yearly updates,Public finance,2014,82.793,Normal value
Annual,NLD,Netherlands,GGD,Government gross debt,PT_B1GQ,Percentage of GDP,General government,Yearly updates,Public finance,2015,78.841,Normal value
Annual,NLD,Netherlands,GGD,Government gross debt,PT_B1GQ,Percentage of GDP,General government,Yearly updates,Public finance,2016,76.407,Normal value
Annual,NOR,Norway,GGD,Government gross debt,PT_B1GQ,Percentage of GDP,General government,Yearly updates,Public finance,2024,61.297,Normal value
Annual,NOR,Norway,GGD,Government gross debt,PT_B1GQ,Percentage of GDP,General government,Yearly updates,Public finance,2007,55.846,Normal value
Annual,NOR,Norway,GGD,Government gross debt,PT_B1GQ,Percentage of GDP,General government,Yearly updates,Public finance,2008,54.462,Normal value
Annual,NOR,Norway,GGD,Government gross debt,PT_B1GQ,Percentage of GDP,General government,Yearly updates,Public finance,2009,48.612,Normal value
Annual,NOR,Norway,GGD,Government gross debt,PT_B1GQ,Percentage of GDP,General government,Yearly updates,Public finance,2010,48.97,Normal value
Annual,NOR,Norway,GGD,Government gross debt,PT_B1GQ,Percentage of GDP,General government,Yearly updates,Public finance,2011,34.507,Normal value
Annual,NOR,Norway,GGD,Government gross debt,PT_B1GQ,Percentage of GDP,General government,Yearly updates,Public finance,2012,35.646,Normal value
Annual,NOR,Norway,GGD,Government gross debt,PT_B1GQ,Percentage of GDP,General government,Yearly updates,Public finance,2013,36.236,Normal value
Annual,NOR,Norway,GGD,Government gross debt,PT_B1GQ,Percentage of GDP,General government,Yearly updates,Public finance,2014,34.49,Normal value
Annual,NOR,Norway,GGD,Government gross debt,PT_B1GQ,Percentage of GDP,General government,Yearly updates,Public finance,2015,39.977,Normal value
Annual,NOR,Norway,GGD,Government gross debt,PT_B1GQ,Percentage of GDP,General government,Yearly updates,Public finance,2017,44.236,Normal value
Annual,NOR,Norway,GGD,Government gross debt,PT_B1GQ,Percentage of GDP,General government,Yearly updates,Public finance,2018,45.06,Normal value
Annual,NOR,Norway,GGD,Government gross debt,PT_B1GQ,Percentage of GDP,General government,Yearly updates,Public finance,2019,46.37,Normal value
Annual,NOR,Norway,GGD,Government gross debt,PT_B1GQ,Percentage of GDP,General government,Yearly updates,Public finance,2020,52.937,Normal value
Annual,NOR,Norway,GGD,Government gross debt,PT_B1GQ,Percentage of GDP,General government,Yearly updates,Public finance,2021,47.741,Normal value
Annual,NOR,Norway,GGD,Government gross debt,PT_B1GQ,Percentage of GDP,General government,Yearly updates,Public finance,2022,41.288,Normal value
Annual,NOR,Norway,GGD,Government gross debt,PT_B1GQ,Percentage of GDP,General government,Yearly updates,Public finance,2023,50.155,Normal value
Annual,NOR,Norway,GGD,Government gross debt,PT_B1GQ,Percentage of GDP,General government,Yearly updates,Public finance,2016,44.035,Normal value
Annual,NZL,New Zealand,GGD,Government gross debt,PT_B1GQ,Percentage of GDP,General government,Yearly updates,Public finance,2018,37.41,Normal value
Annual,NZL,New Zealand,GGD,Government gross debt,PT_B1GQ,Percentage of GDP,General government,Yearly updates,Public finance,2019,34.138,Normal value
Annual,NZL,New Zealand,GGD,Government gross debt,PT_B1GQ,Percentage of GDP,General government,Yearly updates,Public finance,2020,46.735,Normal value
Annual,NZL,New Zealand,GGD,Government gross debt,PT_B1GQ,Percentage of GDP,General government,Yearly updates,Public finance,2021,53.132,Normal value
Annual,NZL,New Zealand,GGD,Government gross debt,PT_B1GQ,Percentage of GDP,General government,Yearly updates,Public finance,2022,55.966,Normal value
Annual,NZL,New Zealand,GGD,Government gross debt,PT_B1GQ,Percentage of GDP,General government,Yearly updates,Public finance,2023,53.356,Normal value
Annual,NZL,New Zealand,GGD,Government gross debt,PT_B1GQ,Percentage of GDP,General government,Yearly updates,Public finance,2007,25.729,Normal value
Annual,NZL,New Zealand,GGD,Government gross debt,PT_B1GQ,Percentage of GDP,General government,Yearly updates,Public finance,2008,27.61,Normal value
Annual,NZL,New Zealand,GGD,Government gross debt,PT_B1GQ,Percentage of GDP,General government,Yearly updates,Public finance,2009,30.163,Normal value
Annual,NZL,New Zealand,GGD,Government gross debt,PT_B1GQ,Percentage of GDP,General government,Yearly updates,Public finance,2010,33.523,Normal value
Annual,NZL,New Zealand,GGD,Government gross debt,PT_B1GQ,Percentage of GDP,General government,Yearly updates,Public finance,2011,42.319,Normal value
Annual,NZL,New Zealand,GGD,Government gross debt,PT_B1GQ,Percentage of GDP,General government,Yearly updates,Public finance,2012,45.514,Normal value
Annual,NZL,New Zealand,GGD,Government gross debt,PT_B1GQ,Percentage of GDP,General government,Yearly updates,Public finance,2013,42.339,Normal value
Annual,NZL,New Zealand,GGD,Government gross debt,PT_B1GQ,Percentage of GDP,General government,Yearly updates,Public finance,2014,42.138,Normal value
Annual,NZL,New Zealand,GGD,Government gross debt,PT_B1GQ,Percentage of GDP,General government,Yearly updates,Public finance,2015,41.788,Normal value
Annual,NZL,New Zealand,GGD,Government gross debt,PT_B1GQ,Percentage of GDP,General government,Yearly updates,Public finance,2016,40.751,Normal value
Annual,NZL,New Zealand,GGD,Government gross debt,PT_B1GQ,Percentage of GDP,General government,Yearly updates,Public finance,2017,39.468,Normal value
Annual,OECD,OECD,GGD,Government gross debt,PT_B1GQ,Percentage of GDP,General government,Yearly updates,Public finance,2024,,Normal value
Annual,OECD,OECD,GGD,Government gross debt,PT_B1GQ,Percentage of GDP,General government,Yearly updates,Public finance,2018,108.03,Normal value
Annual,OECD,OECD,GGD,Government gross debt,PT_B1GQ,Percentage of GDP,General government,Yearly updates,Public finance,2019,108.81,Normal value
Annual,OECD,OECD,GGD,Government gross debt,PT_B1GQ,Percentage of GDP,General government,Yearly updates,Public finance,2020,128.87,Normal value
Annual,OECD,OECD,GGD,Government gross debt,PT_B1GQ,Percentage of GDP,General government,Yearly updates,Public finance,2021,121.8,Normal value
Annual,OECD,OECD,GGD,Government gross debt,PT_B1GQ,Percentage of GDP,General government,Yearly updates,Public finance,2022,109.87,Normal value
Annual,OECD,OECD,GGD,Government gross debt,PT_B1GQ,Percentage of GDP,General government,Yearly updates,Public finance,2023,110.47,Normal value
Annual,OECD,OECD,GGD,Government gross debt,PT_B1GQ,Percentage of GDP,General government,Yearly updates,Public finance,2007,72.4,Normal value
Annual,OECD,OECD,GGD,Government gross debt,PT_B1GQ,Percentage of GDP,General government,Yearly updates,Public finance,2008,78.62,Normal value
Annual,OECD,OECD,GGD,Government gross debt,PT_B1GQ,Percentage of GDP,General government,Yearly updates,Public finance,2009,90.17,Normal value
Annual,OECD,OECD,GGD,Government gross debt,PT_B1GQ,Percentage of GDP,General government,Yearly updates,Public finance,2010,95.83,Normal value
Annual,OECD,OECD,GGD,Government gross debt,PT_B1GQ,Percentage of GDP,General government,Yearly updates,Public finance,2011,100.16,Normal value
Annual,OECD,OECD,GGD,Government gross debt,PT_B1GQ,Percentage of GDP,General government,Yearly updates,Public finance,2012,106.28,Normal value
Annual,OECD,OECD,GGD,Government gross debt,PT_B1GQ,Percentage of GDP,General government,Yearly updates,Public finance,2013,107.3,Normal value
Annual,OECD,OECD,GGD,Government gross debt,PT_B1GQ,Percentage of GDP,General government,Yearly updates,Public finance,2014,110.47,Normal value
Annual,OECD,OECD,GGD,Government gross debt,PT_B1GQ,Percentage of GDP,General government,Yearly updates,Public finance,2015,110.61,Normal value
Annual,OECD,OECD,GGD,Government gross debt,PT_B1GQ,Percentage of GDP,General government,Yearly updates,Public finance,2016,110.9,Normal value
Annual,OECD,OECD,GGD,Government gross debt,PT_B1GQ,Percentage of GDP,General government,Yearly updates,Public finance,2017,108.83,Normal value
Annual,OECD_REP,OECD average country,GGD,Government gross debt,PT_B1GQ,Percentage of GDP,General government,Yearly updates,Public finance,2024,,Normal value
Annual,OECD_REP,OECD average country,GGD,Government gross debt,PT_B1GQ,Percentage of GDP,General government,Yearly updates,Public finance,2018,79.698,Normal value
Annual,OECD_REP,OECD average country,GGD,Government gross debt,PT_B1GQ,Percentage of GDP,General government,Yearly updates,Public finance,2019,80.102,Normal value
Annual,OECD_REP,OECD average country,GGD,Government gross debt,PT_B1GQ,Percentage of GDP,General government,Yearly updates,Public finance,2020,94.896,Normal value
Annual,OECD_REP,OECD average country,GGD,Government gross debt,PT_B1GQ,Percentage of GDP,General government,Yearly updates,Public finance,2021,89.643,Normal value
Annual,OECD_REP,OECD average country,GGD,Government gross debt,PT_B1GQ,Percentage of GDP,General government,Yearly updates,Public finance,2022,77.303,Normal value
Annual,OECD_REP,OECD average country,GGD,Government gross debt,PT_B1GQ,Percentage of GDP,General government,Yearly updates,Public finance,2023,77.277,Normal value
Annual,OECD_REP,OECD average country,GGD,Government gross debt,PT_B1GQ,Percentage of GDP,General government,Yearly updates,Public finance,2007,53.174,Normal value
Annual,OECD_REP,OECD average country,GGD,Government gross debt,PT_B1GQ,Percentage of GDP,General government,Yearly updates,Public finance,2008,58.489,Normal value
Annual,OECD_REP,OECD average country,GGD,Government gross debt,PT_B1GQ,Percentage of GDP,General government,Yearly updates,Public finance,2009,67.693,Normal value
Annual,OECD_REP,OECD average country,GGD,Government gross debt,PT_B1GQ,Percentage of GDP,General government,Yearly updates,Public finance,2010,71.549,Normal value
Annual,OECD_REP,OECD average country,GGD,Government gross debt,PT_B1GQ,Percentage of GDP,General government,Yearly updates,Public finance,2011,74.345,Normal value
Annual,OECD_REP,OECD average country,GGD,Government gross debt,PT_B1GQ,Percentage of GDP,General government,Yearly updates,Public finance,2012,81.719,Normal value
Annual,OECD_REP,OECD average country,GGD,Government gross debt,PT_B1GQ,Percentage of GDP,General government,Yearly updates,Public finance,2013,82.585,Normal value
Annual,OECD_REP,OECD average country,GGD,Government gross debt,PT_B1GQ,Percentage of GDP,General government,Yearly updates,Public finance,2014,86.64,Normal value
Annual,OECD_REP,OECD average country,GGD,Government gross debt,PT_B1GQ,Percentage of GDP,General government,Yearly updates,Public finance,2015,84.848,Normal value
Annual,OECD_REP,OECD average country,GGD,Government gross debt,PT_B1GQ,Percentage of GDP,General government,Yearly updates,Public finance,2016,84.455,Normal value
Annual,OECD_REP,OECD average country,GGD,Government gross debt,PT_B1GQ,Percentage of GDP,General government,Yearly updates,Public finance,2017,81.75,Normal value
Annual,POL,Poland,GGD,Government gross debt,PT_B1GQ,Percentage of GDP,General government,Yearly updates,Public finance,2017,68.597,Normal value
Annual,POL,Poland,GGD,Government gross debt,PT_B1GQ,Percentage of GDP,General government,Yearly updates,Public finance,2018,66.101,Normal value
Annual,POL,Poland,GGD,Government gross debt,PT_B1GQ,Percentage of GDP,General government,Yearly updates,Public finance,2019,63.181,Normal value
Annual,POL,Poland,GGD,Government gross debt,PT_B1GQ,Percentage of GDP,General government,Yearly updates,Public finance,2020,76.864,Normal value
Annual,POL,Poland,GGD,Government gross debt,PT_B1GQ,Percentage of GDP,General government,Yearly updates,Public finance,2021,67.434,Normal value
Annual,POL,Poland,GGD,Government gross debt,PT_B1GQ,Percentage of GDP,General government,Yearly updates,Public finance,2022,58.833,Normal value
Annual,POL,Poland,GGD,Government gross debt,PT_B1GQ,Percentage of GDP,General government,Yearly updates,Public finance,2023,62.205,Normal value
Annual,POL,Poland,GGD,Government gross debt,PT_B1GQ,Percentage of GDP,General government,Yearly updates,Public finance,2024,67.194,Normal value
Annual,POL,Poland,GGD,Government gross debt,PT_B1GQ,Percentage of GDP,General government,Yearly updates,Public finance,2007,51.475,Normal value
Annual,POL,Poland,GGD,Government gross debt,PT_B1GQ,Percentage of GDP,General government,Yearly updates,Public finance,2008,53.68,Normal value
Annual,POL,Poland,GGD,Government gross debt,PT_B1GQ,Percentage of GDP,General government,Yearly updates,Public finance,2009,57.086,Normal value
Annual,POL,Poland,GGD,Government gross debt,PT_B1GQ,Percentage of GDP,General government,Yearly updates,Public finance,2010,61.954,Normal value
Annual,POL,Poland,GGD,Government gross debt,PT_B1GQ,Percentage of GDP,General government,Yearly updates,Public finance,2011,62.279,Normal value
Annual,POL,Poland,GGD,Government gross debt,PT_B1GQ,Percentage of GDP,General government,Yearly updates,Public finance,2012,65.655,Normal value
Annual,POL,Poland,GGD,Government gross debt,PT_B1GQ,Percentage of GDP,General government,Yearly updates,Public finance,2013,66.864,Normal value
Annual,POL,Poland,GGD,Government gross debt,PT_B1GQ,Percentage of GDP,General government,Yearly updates,Public finance,2014,71.568,Normal value
Annual,POL,Poland,GGD,Government gross debt,PT_B1GQ,Percentage of GDP,General government,Yearly updates,Public finance,2015,69.985,Normal value
Annual,POL,Poland,GGD,Government gross debt,PT_B1GQ,Percentage of GDP,General government,Yearly updates,Public finance,2016,72.982,Normal value
Annual,PRT,Portugal,GGD,Government gross debt,PT_B1GQ,Percentage of GDP,General government,Yearly updates,Public finance,2017,142.819,Normal value
Annual,PRT,Portugal,GGD,Government gross debt,PT_B1GQ,Percentage of GDP,General government,Yearly updates,Public finance,2018,136.841,Normal value
Annual,PRT,Portugal,GGD,Government gross debt,PT_B1GQ,Percentage of GDP,General government,Yearly updates,Public finance,2019,135.085,Normal value
Annual,PRT,Portugal,GGD,Government gross debt,PT_B1GQ,Percentage of GDP,General government,Yearly updates,Public finance,2020,156.177,Normal value
Annual,PRT,Portugal,GGD,Government gross debt,PT_B1GQ,Percentage of GDP,General government,Yearly updates,Public finance,2021,142.185,Normal value
Annual,PRT,Portugal,GGD,Government gross debt,PT_B1GQ,Percentage of GDP,General government,Yearly updates,Public finance,2022,114.252,Normal value
Annual,PRT,Portugal,GGD,Government gross debt,PT_B1GQ,Percentage of GDP,General government,Yearly updates,Public finance,2023,104.748,Normal value
Annual,PRT,Portugal,GGD,Government gross debt,PT_B1GQ,Percentage of GDP,General government,Yearly updates,Public finance,2024,100.563,Normal value
Annual,PRT,Portugal,GGD,Government gross debt,PT_B1GQ,Percentage of GDP,General government,Yearly updates,Public finance,2007,80.161,Normal value
Annual,PRT,Portugal,GGD,Government gross debt,PT_B1GQ,Percentage of GDP,General government,Yearly updates,Public finance,2008,84.003,Normal value
Annual,PRT,Portugal,GGD,Government gross debt,PT_B1GQ,Percentage of GDP,General government,Yearly updates,Public finance,2009,96.941,Normal value
Annual,PRT,Portugal,GGD,Government gross debt,PT_B1GQ,Percentage of GDP,General government,Yearly updates,Public finance,2010,104.725,Normal value
Annual,PRT,Portugal,GGD,Government gross debt,PT_B1GQ,Percentage of GDP,General government,Yearly updates,Public finance,2011,108.884,Normal value
Annual,PRT,Portugal,GGD,Government gross debt,PT_B1GQ,Percentage of GDP,General government,Yearly updates,Public finance,2012,136.283,Normal value
Annual,PRT,Portugal,GGD,Government gross debt,PT_B1GQ,Percentage of GDP,General government,Yearly updates,Public finance,2013,139.982,Normal value
Annual,PRT,Portugal,GGD,Government gross debt,PT_B1GQ,Percentage of GDP,General government,Yearly updates,Public finance,2014,149.779,Normal value
Annual,PRT,Portugal,GGD,Government gross debt,PT_B1GQ,Percentage of GDP,General government,Yearly updates,Public finance,2015,147.901,Normal value
Annual,PRT,Portugal,GGD,Government gross debt,PT_B1GQ,Percentage of GDP,General government,Yearly updates,Public finance,2016,143.658,Normal value
Annual,SVK,Slovak Republic,GGD,Government gross debt,PT_B1GQ,Percentage of GDP,General government,Yearly updates,Public finance,2017,65.508,Normal value
Annual,SVK,Slovak Republic,GGD,Government gross debt,PT_B1GQ,Percentage of GDP,General government,Yearly updates,Public finance,2018,63.051,Normal value
Annual,SVK,Slovak Republic,GGD,Government gross debt,PT_B1GQ,Percentage of GDP,General government,Yearly updates,Public finance,2019,62.851,Normal value
Annual,SVK,Slovak Republic,GGD,Government gross debt,PT_B1GQ,Percentage of GDP,General government,Yearly updates,Public finance,2020,76.872,Normal value
Annual,SVK,Slovak Republic,GGD,Government gross debt,PT_B1GQ,Percentage of GDP,General government,Yearly updates,Public finance,2021,76.905,Normal value
Annual,SVK,Slovak Republic,GGD,Government gross debt,PT_B1GQ,Percentage of GDP,General government,Yearly updates,Public finance,2022,63.868,Normal value
Annual,SVK,Slovak Republic,GGD,Government gross debt,PT_B1GQ,Percentage of GDP,General government,Yearly updates,Public finance,2023,63.44,Normal value
Annual,SVK,Slovak Republic,GGD,Government gross debt,PT_B1GQ,Percentage of GDP,General government,Yearly updates,Public finance,2024,66.227,Normal value
Annual,SVK,Slovak Republic,GGD,Government gross debt,PT_B1GQ,Percentage of GDP,General government,Yearly updates,Public finance,2007,36.467,Normal value
Annual,SVK,Slovak Republic,GGD,Government gross debt,PT_B1GQ,Percentage of GDP,General government,Yearly updates,Public finance,2008,35.336,Normal value
Annual,SVK,Slovak Republic,GGD,Government gross debt,PT_B1GQ,Percentage of GDP,General government,Yearly updates,Public finance,2009,44.563,Normal value
Annual,SVK,Slovak Republic,GGD,Government gross debt,PT_B1GQ,Percentage of GDP,General government,Yearly updates,Public finance,2010,48.85,Normal value
Annual,SVK,Slovak Republic,GGD,Government gross debt,PT_B1GQ,Percentage of GDP,General government,Yearly updates,Public finance,2011,51.697,Normal value
Annual,SVK,Slovak Republic,GGD,Government gross debt,PT_B1GQ,Percentage of GDP,General government,Yearly updates,Public finance,2012,61.147,Normal value
Annual,SVK,Slovak Republic,GGD,Government gross debt,PT_B1GQ,Percentage of GDP,General government,Yearly updates,Public finance,2013,65.504,Normal value
Annual,SVK,Slovak Republic,GGD,Government gross debt,PT_B1GQ,Percentage of GDP,General government,Yearly updates,Public finance,2014,67.924,Normal value
Annual,SVK,Slovak Republic,GGD,Government gross debt,PT_B1GQ,Percentage of GDP,General government,Yearly updates,Public finance,2015,66.395,Normal value
Annual,SVK,Slovak Republic,GGD,Government gross debt,PT_B1GQ,Percentage of GDP,General government,Yearly updates,Public finance,2016,67.665,Normal value
Annual,SVN,Slovenia,GGD,Government gross debt,PT_B1GQ,Percentage of GDP,General government,Yearly updates,Public finance,2017,90.555,Normal value
Annual,SVN,Slovenia,GGD,Government gross debt,PT_B1GQ,Percentage of GDP,General government,Yearly updates,Public finance,2018,84.52,Normal value
Annual,SVN,Slovenia,GGD,Government gross debt,PT_B1GQ,Percentage of GDP,General government,Yearly updates,Public finance,2019,82.023,Normal value
Annual,SVN,Slovenia,GGD,Government gross debt,PT_B1GQ,Percentage of GDP,General government,Yearly updates,Public finance,2020,101.004,Normal value
Annual,SVN,Slovenia,GGD,Government gross debt,PT_B1GQ,Percentage of GDP,General government,Yearly updates,Public finance,2021,90.077,Normal value
Annual,SVN,Slovenia,GGD,Government gross debt,PT_B1GQ,Percentage of GDP,General government,Yearly updates,Public finance,2022,71.878,Normal value
Annual,SVN,Slovenia,GGD,Government gross debt,PT_B1GQ,Percentage of GDP,General government,Yearly updates,Public finance,2023,70.481,Normal value
Annual,SVN,Slovenia,GGD,Government gross debt,PT_B1GQ,Percentage of GDP,General government,Yearly updates,Public finance,2024,69.736,Normal value
Annual,SVN,Slovenia,GGD,Government gross debt,PT_B1GQ,Percentage of GDP,General government,Yearly updates,Public finance,2007,30.909,Normal value
Annual,SVN,Slovenia,GGD,Government gross debt,PT_B1GQ,Percentage of GDP,General government,Yearly updates,Public finance,2008,30.924,Normal value
Annual,SVN,Slovenia,GGD,Government gross debt,PT_B1GQ,Percentage of GDP,General government,Yearly updates,Public finance,2009,45.125,Normal value
Annual,SVN,Slovenia,GGD,Government gross debt,PT_B1GQ,Percentage of GDP,General government,Yearly updates,Public finance,2010,49.2,Normal value
Annual,SVN,Slovenia,GGD,Government gross debt,PT_B1GQ,Percentage of GDP,General government,Yearly updates,Public finance,2011,52.721,Normal value
Annual,SVN,Slovenia,GGD,Government gross debt,PT_B1GQ,Percentage of GDP,General government,Yearly updates,Public finance,2012,63.432,Normal value
Annual,SVN,Slovenia,GGD,Government gross debt,PT_B1GQ,Percentage of GDP,General government,Yearly updates,Public finance,2013,80.427,Normal value
Annual,SVN,Slovenia,GGD,Government gross debt,PT_B1GQ,Percentage of GDP,General government,Yearly updates,Public finance,2014,101.138,Normal value
Annual,SVN,Slovenia,GGD,Government gross debt,PT_B1GQ,Percentage of GDP,General government,Yearly updates,Public finance,2015,104.166,Normal value
Annual,SVN,Slovenia,GGD,Government gross debt,PT_B1GQ,Percentage of GDP,General government,Yearly updates,Public finance,2016,99.027,Normal value
Annual,SWE,Sweden,GGD,Government gross debt,PT_B1GQ,Percentage of GDP,General government,Yearly updates,Public finance,2017,52.407,Normal value
Annual,SWE,Sweden,GGD,Government gross debt,PT_B1GQ,Percentage of GDP,General government,Yearly updates,Public finance,2018,51.231,Normal value
Annual,SWE,Sweden,GGD,Government gross debt,PT_B1GQ,Percentage of GDP,General government,Yearly updates,Public finance,2019,47.458,Normal value
Annual,SWE,Sweden,GGD,Government gross debt,PT_B1GQ,Percentage of GDP,General government,Yearly updates,Public finance,2020,53.38,Normal value
Annual,SWE,Sweden,GGD,Government gross debt,PT_B1GQ,Percentage of GDP,General government,Yearly updates,Public finance,2021,49.523,Normal value
Annual,SWE,Sweden,GGD,Government gross debt,PT_B1GQ,Percentage of GDP,General government,Yearly updates,Public finance,2022,44.73,Normal value
Annual,SWE,Sweden,GGD,Government gross debt,PT_B1GQ,Percentage of GDP,General government,Yearly updates,Public finance,2023,42.092,Normal value
Annual,SWE,Sweden,GGD,Government gross debt,PT_B1GQ,Percentage of GDP,General government,Yearly updates,Public finance,2024,45.587,Normal value
Annual,SWE,Sweden,GGD,Government gross debt,PT_B1GQ,Percentage of GDP,General government,Yearly updates,Public finance,2007,47.931,Normal value
Annual,SWE,Sweden,GGD,Government gross debt,PT_B1GQ,Percentage of GDP,General government,Yearly updates,Public finance,2008,46.839,Normal value
Annual,SWE,Sweden,GGD,Government gross debt,PT_B1GQ,Percentage of GDP,General government,Yearly updates,Public finance,2009,49.554,Normal value
Annual,SWE,Sweden,GGD,Government gross debt,PT_B1GQ,Percentage of GDP,General government,Yearly updates,Public finance,2010,47.314,Normal value
Annual,SWE,Sweden,GGD,Government gross debt,PT_B1GQ,Percentage of GDP,General government,Yearly updates,Public finance,2011,47.338,Normal value
Annual,SWE,Sweden,GGD,Government gross debt,PT_B1GQ,Percentage of GDP,General government,Yearly updates,Public finance,2012,48.151,Normal value
Annual,SWE,Sweden,GGD,Government gross debt,PT_B1GQ,Percentage of GDP,General government,Yearly updates,Public finance,2013,50.655,Normal value
Annual,SWE,Sweden,GGD,Government gross debt,PT_B1GQ,Percentage of GDP,General government,Yearly updates,Public finance,2014,57.04,Normal value
Annual,SWE,Sweden,GGD,Government gross debt,PT_B1GQ,Percentage of GDP,General government,Yearly updates,Public finance,2015,55.49,Normal value
Annual,SWE,Sweden,GGD,Government gross debt,PT_B1GQ,Percentage of GDP,General government,Yearly updates,Public finance,2016,54.57,Normal value
Annual,TUR,Türkiye,GGD,Government gross debt,PT_B1GQ,Percentage of GDP,General government,Yearly updates,Public finance,2014,33.234,Normal value
Annual,TUR,Türkiye,GGD,Government gross debt,PT_B1GQ,Percentage of GDP,General government,Yearly updates,Public finance,2015,31.046,Normal value
Annual,TUR,Türkiye,GGD,Government gross debt,PT_B1GQ,Percentage of GDP,General government,Yearly updates,Public finance,2016,31.896,Normal value
Annual,TUR,Türkiye,GGD,Government gross debt,PT_B1GQ,Percentage of GDP,General government,Yearly updates,Public finance,2017,32.276,Normal value
Annual,TUR,Türkiye,GGD,Government gross debt,PT_B1GQ,Percentage of GDP,General government,Yearly updates,Public finance,2018,32.578,Normal value
Annual,TUR,Türkiye,GGD,Government gross debt,PT_B1GQ,Percentage of GDP,General government,Yearly updates,Public finance,2019,35.392,Normal value
Annual,TUR,Türkiye,GGD,Government gross debt,PT_B1GQ,Percentage of GDP,General government,Yearly updates,Public finance,2020,43.15,Normal value
Annual,TUR,Türkiye,GGD,Government gross debt,PT_B1GQ,Percentage of GDP,General government,Yearly updates,Public finance,2021,43.371,Normal value
Annual,TUR,Türkiye,GGD,Government gross debt,PT_B1GQ,Percentage of GDP,General government,Yearly updates,Public finance,2022,35.94,Normal value
Annual,TUR,Türkiye,GGD,Government gross debt,PT_B1GQ,Percentage of GDP,General government,Yearly updates,Public finance,2023,34.127,Normal value
Annual,TUR,Türkiye,GGD,Government gross debt,PT_B1GQ,Percentage of GDP,General government,Yearly updates,Public finance,2007,,Normal value
Annual,TUR,Türkiye,GGD,Government gross debt,PT_B1GQ,Percentage of GDP,General government,Yearly updates,Public finance,2008,,Normal value
Annual,TUR,Türkiye,GGD,Government gross debt,PT_B1GQ,Percentage of GDP,General government,Yearly updates,Public finance,2009,,Normal value
Annual,TUR,Türkiye,GGD,Government gross debt,PT_B1GQ,Percentage of GDP,General government,Yearly updates,Public finance,2010,48.901,Normal value
Annual,TUR,Türkiye,GGD,Government gross debt,PT_B1GQ,Percentage of GDP,General government,Yearly updates,Public finance,2011,43.603,Normal value
Annual,TUR,Türkiye,GGD,Government gross debt,PT_B1GQ,Percentage of GDP,General government,Yearly updates,Public finance,2012,40.941,Normal value
Annual,TUR,Türkiye,GGD,Government gross debt,PT_B1GQ,Percentage of GDP,General government,Yearly updates,Public finance,2013,34.284,Normal value
Annual,USA,United States,GGD,Government gross debt,PT_B1GQ,Percentage of GDP,General government,Yearly updates,Public finance,2016,106.839,Normal value
Annual,USA,United States,GGD,Government gross debt,PT_B1GQ,Percentage of GDP,General government,Yearly updates,Public finance,2017,105.694,Normal value
Annual,USA,United States,GGD,Government gross debt,PT_B1GQ,Percentage of GDP,General government,Yearly updates,Public finance,2018,107.113,Normal value
Annual,USA,United States,GGD,Government gross debt,PT_B1GQ,Percentage of GDP,General government,Yearly updates,Public finance,2019,108.358,Normal value
Annual,USA,United States,GGD,Government gross debt,PT_B1GQ,Percentage of GDP,General government,Yearly updates,Public finance,2020,132.385,Normal value
Annual,USA,United States,GGD,Government gross debt,PT_B1GQ,Percentage of GDP,General government,Yearly updates,Public finance,2021,124.814,Normal value
Annual,USA,United States,GGD,Government gross debt,PT_B1GQ,Percentage of GDP,General government,Yearly updates,Public finance,2022,119.258,Normal value
Annual,USA,United States,GGD,Government gross debt,PT_B1GQ,Percentage of GDP,General government,Yearly updates,Public finance,2023,121.266,Normal value
Annual,USA,United States,GGD,Government gross debt,PT_B1GQ,Percentage of GDP,General government,Yearly updates,Public finance,2024,122.865,Normal value
Annual,USA,United States,GGD,Government gross debt,PT_B1GQ,Percentage of GDP,General government,Yearly updates,Public finance,2007,64.302,Normal value
Annual,USA,United States,GGD,Government gross debt,PT_B1GQ,Percentage of GDP,General government,Yearly updates,Public finance,2008,73.367,Normal value
Annual,USA,United States,GGD,Government gross debt,PT_B1GQ,Percentage of GDP,General government,Yearly updates,Public finance,2009,86.423,Normal value
Annual,USA,United States,GGD,Government gross debt,PT_B1GQ,Percentage of GDP,General government,Yearly updates,Public finance,2010,94.925,Normal value
Annual,USA,United States,GGD,Government gross debt,PT_B1GQ,Percentage of GDP,General government,Yearly updates,Public finance,2011,99.305,Normal value
Annual,USA,United States,GGD,Government gross debt,PT_B1GQ,Percentage of GDP,General government,Yearly updates,Public finance,2012,102.916,Normal value
Annual,USA,United States,GGD,Government gross debt,PT_B1GQ,Percentage of GDP,General government,Yearly updates,Public finance,2013,104.197,Normal value
Annual,USA,United States,GGD,Government gross debt,PT_B1GQ,Percentage of GDP,General government,Yearly updates,Public finance,2014,104.093,Normal value
Annual,USA,United States,GGD,Government gross debt,PT_B1GQ,Percentage of GDP,General government,Yearly updates,Public finance,2015,104.804,Normal value